rating,title,author,date,helpful_votes,clean_review
10.0,One Step Above Masterpiece!,MiroslavKyuranov,"May 31, 2023",,one step masterpiec
10.0,One of the best sequels to anything ever made,pugpool10,"Jun 2, 2023",,one best sequel anyth ever made
10.0,Okay This Is Peak,hectorvernet,"May 31, 2023",,okay peak
10.0,A new Empire Strikes Back,rickothan,"Jun 2, 2023",,new empir strike back
10.0,Masterful IMAX Spider-Man,UniqueParticle,"Jun 2, 2023",,master imax spiderman
10.0,the greatest spider-man film ever.,sfarrow8,"Jun 2, 2023",,greatest spiderman film ever
10.0,This needs to be nominated for best picture!,Marian25,"May 31, 2023",,need nomin best pictur
6.0,So Overhyped That I Felt Disappointed,penelopemmorris,"Jun 8, 2023",,overhyp felt disappoint
10.0,"Wow, just WOW!",srdjankostic91,"May 31, 2023",,wow wow
7.0,"It's good, but I still like the first one better. (7.5)",nickryan-44535,"Jun 6, 2023",,good still like first one better
5.0,Messy messy messy,jyszxpxqfhrg,"Jan 15, 2024",,messi messi messi
10.0,Perfect,Tired_Reviewer,"May 31, 2023",,perfect
10.0,My movie of 2023 so far.,Sleepin_Dragon,"Jun 11, 2023",,movi far
10.0,One Of The Best Movies I Have Ever Seen,emjgiddy,"May 19, 2024",,one best movi ever seen
9.0,"Across the Universe Of Fun, Excellence, and Adventure: Spider-Man Makes A Connected Web Of Wow",rgkarim,"Jun 2, 2023",,across univers fun excel adventur spiderman make connect web wow
8.0,Spider-man: Middle of the Spider-Verse,matris1,"Jun 3, 2023",,spiderman middl spidervers
6.0,Are people crazy?,armagh-97917,"Jun 16, 2023",,peopl crazi
6.0,Over Hyped,jimmystz,"Jun 8, 2023",,hype
5.0,Disappointing,daralad,"Jun 18, 2023",,disappoint
10.0,The multiverse has opened the doors to the Spiderverse,gabethedinosaur,"Jun 2, 2023",,multivers open door spidervers
10.0,Completely exceeded my expectations,heyrandom,"Jun 1, 2023",,complet exceed expect
10.0,Discover the Spiderverse in the biggest way and most wonderful way possible!,Ratingzzz,"May 31, 2023",,discov spidervers biggest way wonder way possibl
8.0,Half of a movie,FeastMode,"Jun 2, 2023",,half movi
10.0,This makes the MCU look like hot garbage!!,llambeth1,"Jun 2, 2023",,make mcu look like hot garbag
10.0,A worthy follow-up to perfection.,shrikrishnasriram,"Jun 1, 2023",,worthi followup perfect
7.0,My feelings about this sequel are currently glitching,cricketbat,"Jun 1, 2023",,feel sequel current glitch
,"Slow, overlong, and cliched",TheBigSick,"Jun 10, 2023",,slow overlong clich
10.0,The best animation i ever saw,frixysteam,"Aug 10, 2023",,best anim ever saw
6.0,This is one of the most overhyped movies I have ever watched.,DeadMansTrousers,"Jun 14, 2023",,one overhyp movi ever watch
5.0,"I felt like I was going to have a Seizure, while pushing through Lazy Writing.",cstull91,"Jun 8, 2023",,felt like go seizur push lazi write
10.0,Masterpiece,chapterfourax,"Jul 14, 2023",,masterpiec
10.0,A Mind-Bending Masterpiece!,digitalbablukumar,"Oct 1, 2023",,mindbend masterpiec
10.0,One of the Best Films in Recent Memory,rollercoasterfan-88274,"Aug 22, 2023",,one best film recent memori
10.0,New sequel explores what made the first film groundbreaking.,28abir,"Jul 2, 2023",,new sequel explor made first film groundbreak
10.0,BEAUTIFUL üòçüòçüòç,kpatricio-61200,"Jun 23, 2023",,beauti
10.0,Best movie of the decade.,mrkmil,"Jun 29, 2023",,best movi decad
7.0,Visual Overstimulation,mrbledsoe53,"Jun 3, 2023",,visual overstimul
10.0,WATCH AS SOON AS POSSIBLE!,Watchingallformsofmedia,"Aug 8, 2023",,watch soon possibl
7.0,Audible groan from the cinema when it finished,georgetbarber,"Jun 2, 2023",,audibl groan cinema finish
10.0,Best spider-man movie,tjohnson-07046,"Jul 3, 2023",,best spiderman movi
10.0,This Spider Man Animation Movie Are So Masterpiece!!,lawalker-01773,"Aug 8, 2023",,spider man anim movi masterpiec
10.0,Master piece!!,erikacelis,"Jun 4, 2023",,master piec
10.0,Absolutely gorgeous inside and out,pmvmr,"Jun 5, 2023",,absolut gorgeou insid
10.0,Best Movie of 2023 so far!,shaikhabdulwasee,"Jul 1, 2023",,best movi far
10.0,A Perfect Sequel,bencheek-32813,"Aug 8, 2023",,perfect sequel
6.0,"Decent, nowhere as good as the first",jenkinscammy,"Jun 7, 2023",,decent nowher good first
10.0,The Best Cinecomic that will change your life.,charloswee,"Jun 24, 2023",,best cinecom chang life
7.0,"Wanted to Love it, But Just Liked it",JayWolfgramm,"Jun 11, 2023",,want love like
4.0,Perhaps not for everyone.,planktonrules,"Jun 21, 2023",,perhap everyon
10.0,"One of those movies you won't forget in a really, REALLY long time!",safayet_shawon,"Aug 10, 2023",,one movi wont forget realli realli long time
10.0,Best spider-man I've seen,aravinds-98609,"Jun 4, 2023",,best spiderman ive seen
9.0,One of the best Spider Man movies,jaspercobar,"Jun 25, 2023",,one best spider man movi
10.0,One of my favourite movie !!,brijbinisy,"Jul 4, 2023",,one favourit movi
10.0,Spider Gwen,hucken,"Aug 8, 2023",,spider gwen
10.0,Probably better than the 1st,tink-28108,"Jun 29, 2023",,probabl better st
6.0,Many theater goers walked out before ending,pressboard,"Jun 15, 2023",,mani theater goer walk end
10.0,The goat,enzoenerpoint,"Jun 5, 2023",,goat
6.0,Managed to be both overlong and incomplete,will-howlett,"Jun 2, 2023",,manag overlong incomplet
5.0,Most overrated movie of all time,jjakum-96413,"Jun 6, 2023",,overr movi time
10.0,Only downside.,krisssannn,"Jun 5, 2023",,downsid
10.0,Phenomenal!,tiffanyalana,"Jun 2, 2023",,phenomen
10.0,Spider-Man: Across the Spider-Verse is great movie SPOLIER,ashishzoom-84965,"Jun 2, 2023",,spiderman across spidervers great movi spolier
10.0,This movie is PEAK! MASTERPIECE!,axelsson11,"Jun 8, 2023",,movi peak masterpiec
10.0,Across the Spider-Verse (wow),alfiegmc,"Jun 3, 2023",,across spidervers wow
10.0,"Best spidey movie ever, AND ITS ONLY PART ONE!",christianyogendran-15663,"Jul 9, 2023",,best spidey movi ever part one
7.0,"Fine, but definitely doesn't deserve a rating of 9.1.",akseliiikonen,"Jun 1, 2023",,fine definit doesnt deserv rate
10.0,"Thank You, Sony.",nsmittyfilms,"Jun 6, 2023",,thank soni
7.0,My Review,mminer237,"Nov 18, 2024",,review
2.0,Nowhere near as good as the previous! Big disappointment!,flavours_ignobleo,"Jan 3, 2024",,nowher near good previou big disappoint
10.0,WOW,matthewdewey-33976,"Jun 4, 2023",,wow
10.0,Spider-Man: Across the Spider-Verse (2023) Review,pastirmaa,"Jun 5, 2023",,spiderman across spidervers review
10.0,Beyond Spectacular and Beyond Amazing,JaredLegend,"May 31, 2023",,beyond spectacular beyond amaz
10.0,A perfect sequel to a perfect movie.,rofepa,"Jun 6, 2023",,perfect sequel perfect movi
9.0,The greatest animated film of all time.,ethiotst-53110,"Jun 5, 2023",,greatest anim film time
10.0,It's not a movie about characters from the comics - it's a comics book made into a movie,ayoreinf,"Jun 4, 2023",,movi charact comic comic book made movi
6.0,All over the place,hobgoblinlol,"Aug 8, 2023",,place
10.0,A movie worth every penny and time you spend,Blashma,"Jun 1, 2023",,movi worth everi penni time spend
6.0,Not great but it's good.,tavismelvin,"Jun 5, 2023",,great good
4.0,"Overhyped, I'm giving lower rating to do justice :)",ibarix,"Oct 7, 2023",,overhyp im give lower rate justic
10.0,An absolutely worthy successor,bhat-utsav,"May 31, 2023",,absolut worthi successor
10.0,Best Movie I've Ever Seen,rshariff-66038,"May 31, 2023",,best movi ive ever seen
10.0,One of the greatest animated films I've ever seen,tomasmug,"Jun 2, 2023",,one greatest anim film ive ever seen
8.0,Very entertaining,brandoconner-83700,"Jun 2, 2023",,entertain
7.0,The best animated movie of the year,kingofruby,"May 31, 2023",,best anim movi year
10.0,My new favorite Spider-Man movie,IsThatJoseph21,"Jun 4, 2023",,new favorit spiderman movi
6.0,First one is better IMO,Abdulxoxo,"Aug 10, 2024",,first one better imo
2.0,Non-stop Chaos,sabrina-49438,"Jun 7, 2023",,nonstop chao
9.0,Y'all are being silly,Beachsloth_,"Jun 13, 2023",,yall silli
10.0,Best Picture? Best Picture.,finnconnelly-63017,"Jun 5, 2023",,best pictur best pictur
10.0,It's literally perfect,notastrawhat,"Jun 3, 2023",,liter perfect
10.0,Overwhelmingly amazing,awsafzidane,"Jun 2, 2023",,overwhelmingli amaz
10.0,The greatest animated film of all time.,vsByle,"Jun 2, 2023",,greatest anim film time
10.0,This is something truly special,hoshouchian,"Jun 5, 2023",,someth truli special
6.0,"""taking a crap on the establishment. i salute you"" hahaha",Alba90,"Jan 14, 2025",,take crap establish salut hahaha
10.0,Can we skip to 2024 now?,tarmdhammawatra,"Jun 5, 2023",,skip
7.0,Not as Good as the 1st Besides All the Hype,christian94,"Aug 16, 2024",,good st besid hype
5.0,Are you kidding me?,matdo5130,"Sep 2, 2024",,kid
10.0,Wow! That is all I could think when this movie ended. It had big shoes to fill and my god did it deliver.,jelco_ajax,"May 31, 2023",,wow could think movi end big shoe fill god deliv
10.0,ANIMATION AT ITS BEST,dburris-45933,"Jun 4, 2023",,anim best
10.0,"My expectations were sky high, yet this movie still managed to surpass it.",mkanatlar,"Jun 3, 2023",,expect sky high yet movi still manag surpass
10.0,Nominat this for best picture!,clydekaila-04310,"Aug 10, 2023",,nominat best pictur
10.0,Excelsior!,tokyojay-86837,"Jun 2, 2023",,excelsior
10.0,Genuinely the greatest Marvel movies,samslapson,"Jun 12, 2023",,genuin greatest marvel movi
6.0,"Very long, very boring, lacking what made the first great",georgia_lilley,"Mar 26, 2024",,long bore lack made first great
10.0,Simply perfect,elvis100020,"Aug 9, 2023",,simpli perfect
6.0,It's beautiful. Really nothing else,oliverpgrannis,"Jun 18, 2023",,beauti realli noth el
3.0,Feel disconnected from the fan base after watching this.,kylebelcher,"Jun 8, 2023",,feel disconnect fan base watch
10.0,Web of Wonders,ahmad_mobeen,"May 31, 2023",,web wonder
10.0,Leaves you wanting so much more!,gargakshay-40475,"Jun 1, 2023",,leav want much
10.0,Animation Masterpiece!,hassannaima-55714,"Jul 2, 2023",,anim masterpiec
10.0,Awesome,justinprasad-01334,"Jun 28, 2023",,awesom
10.0,Truly amazing!,utvolssam,"Jun 24, 2023",,truli amaz
10.0,m a s t e r p i e c e,nicolepa05,"Jul 11, 2023",,e r p e c e
6.0,Two angsty teens with daddy issues mope around for 2+ hours,RogerRoger77,"Jun 11, 2023",,two angsti teen daddi issu mope around hour
10.0,Phenomenal,Nadia03,"Jun 20, 2023",,phenomen
6.0,How 'Across the Spider-Verse' Left Me Hanging: An Honest Review,safa-cagdas,"Oct 4, 2023",,across spidervers left hang honest review
10.0,Masterpiece,gordongraham-45710,"Aug 18, 2023",,masterpiec
10.0,Masterpiece At It's Greatest,calebchris-59015,"Aug 9, 2023",,masterpiec greatest
10.0,Phenomenal,zkutzer,"Aug 23, 2023",,phenomen
10.0,A Movie That Sets the Bar High,AmyVerse,"Jun 2, 2023",,movi set bar high
10.0,Movie Art: will have the same impact as Matrix: never seen anything like it,vbelow,"Jun 2, 2023",,movi art impact matrix never seen anyth like
10.0,One to watch in a crowded theater,afeey,"Jun 29, 2023",,one watch crowd theater
6.0,Id give it 6.5,stedz-29848,"Dec 27, 2023",,id give
10.0,Groundbreaking...once again,enreyes84,"Jun 2, 2023",,groundbreakingonc
6.0,Spider-Man: Across the Spider-Verse,CinemaSerf,"Jun 4, 2023",,spiderman across spidervers
5.0,Middle of a Series,shiigi1,"Jun 7, 2023",,middl seri
10.0,IF THERE IS A TIME TO BE ALIVE IT IS 2023,noahdougherty,"Jun 28, 2023",,time aliv
10.0,Just awesome,lauralewis-48859,"Jun 23, 2023",,awesom
10.0,Work of art,hasaans-24133,"Sep 8, 2023",,work art
10.0,HONESTLY SURPRISE,danizull,"Jul 4, 2023",,honestli surpris
10.0,Amazing in every way!,jojorvt,"Jul 4, 2023",,amaz everi way
10.0,The Spiderverse that won my heart,aarathiajit-02903,"Jul 1, 2023",,spidervers heart
6.0,Didn't resonate,mbaker81,"Jun 18, 2023",,didnt reson
10.0,Even our world can have a other multiverse. This is Very Power Movie from This year.,elektryczny,"Jul 26, 2023",,even world multivers power movi year
6.0,"It's OK, but I just didn't like it as much as the first one",Professor_Zoom,"Feb 10, 2024",,ok didnt like much first one
1.0,Spider-Man: Across the Awful-Verse,damovie6,"Nov 3, 2024",,spiderman across awfulvers
10.0,Calling All Spider-Man Fans,MichaelAntonioBollo,"Aug 20, 2023",,call spiderman fan
10.0,An Unforgettable Cinematic Masterpiece,jon-j-henry,"Jun 3, 2023",,unforgett cinemat masterpiec
10.0,Amazing,TheSquareTiger,"Sep 10, 2023",,amaz
10.0,An animation masterpiece,lepetitdj,"Jun 5, 2023",,anim masterpiec
10.0,Best Spider-Man adaption yet...,michvanbeek,"Aug 10, 2023",,best spiderman adapt yet
10.0,Great storytelling and animation,somekidzenvy,"Jun 6, 2023",,great storytel anim
6.0,Decent but visuals are too glitchy,wolfsong1611,"Aug 16, 2023",,decent visual glitchi
10.0,What a time to be alive,haloemile,"Jun 5, 2023",,time aliv
,Greatest Animated Film Of All Time,kaitonkin,"Aug 8, 2023",,greatest anim film time
7.0,ACROSS THE EXPOSITIONAL-VERSE,jayman-04681,"Sep 5, 2023",,across expositionalvers
5.0,Sadly disappointed,turleymjennifer,"Jun 20, 2023",,sadli disappoint
10.0,This is how you up your Game,GhostReacher,"Aug 10, 2023",,game
10.0,Adjusted rating from 9 to 10,tokoroos,"Jun 25, 2023",,adjust rate
10.0,Just incredible,TheDanielBaxter,"Aug 9, 2023",,incred
10.0,It's so good I'm sad it ended.,konstiggrisman,"Aug 9, 2023",,good im sad end
10.0,Greatest Movie of All Time,mfaiyez,"Aug 23, 2023",,greatest movi time
10.0,Even better than the first!,manasbhati,"Jun 1, 2023",,even better first
6.0,Spider-man: Across the Simplistic-Verse,rashid-5735,"Jun 5, 2023",,spiderman across simplisticvers
10.0,Wow.,suvikiangaming,"Jun 2, 2023",,wow
6.0,Has no ending,scottaross-853-937059,"Jun 2, 2023",,end
4.0,"Best Spider-Man Movie Ever???, More Of Like The Worst Spider-Man Movie I've Ever Watched, Across The Spider-Verse Is Bad, It's A Failure, And It's A Complete Waste Of Time",HabibieHakim123,"Jun 12, 2023",,best spiderman movi ever like worst spiderman movi ive ever watch across spidervers bad failur complet wast time
10.0,"Best Spider-Man, No cross that, Best MOVIE EVER",abdullahhumayun-36773,"Jun 3, 2023",,best spiderman cross best movi ever
10.0,I didn't think animation could look any better,yeswestan,"Aug 25, 2023",,didnt think anim could look better
10.0,Best Spiderman movie ever !,smitvyas-17228,"Jun 3, 2023",,best spiderman movi ever
9.0,an absolute triumph in the world of animated superhero films.,speedycomics,"Aug 10, 2023",,absolut triumph world anim superhero film
10.0,Perfection,elliotlovgren-61372,"Jun 5, 2023",,perfect
10.0,The best animated movie I've ever seen,evancrume,"Jun 5, 2023",,best anim movi ive ever seen
6.0,"Great animation, muddled contrived story",michiganmand,"Jun 28, 2023",,great anim muddl contriv stori
10.0,"Sony, Please Focus On Doing Animation Movie.",aaidil-1997,"Jun 3, 2023",,soni plea focu anim movi
6.0,Not cool,kuteguy,"Aug 17, 2023",,cool
2.0,Took me 4 tries to finish on Netflix,crypto-69627,"Nov 4, 2023",,took tri finish netflix
10.0,Epic movie,omerfarooq-62366,"Jun 7, 2023",,epic movi
10.0,One of the best movies ever.,shubhampatelspam,"Jun 16, 2023",,one best movi ever
10.0,It is my top 1 movie in this year so far. EVERYONE SHOULD WATCH IT,Jf12345,"Jun 26, 2023",,top movi year far everyon watch
10.0,Absolute Cracker,leekeithf,"Sep 9, 2023",,absolut cracker
10.0,Best superhero movie,dominic-30989,"Jul 21, 2023",,best superhero movi
10.0,The best comic book movie ever made,khalil-24158,"Jun 3, 2023",,best comic book movi ever made
6.0,Don't believe the hype,robmaxuk,"Oct 21, 2023",,dont believ hype
10.0,Spider-Man: Across the Spider-Verse: A Superior Sequel That Transcends Expectations,CelluloidConnoisseur,"Jun 3, 2023",,spiderman across spidervers superior sequel transcend expect
7.0,It's great but 1 is more perfect.,patfansjp,"Jun 18, 2023",,great perfect
4.0,"Excellent art, weak story",curmudgeon86,"Oct 2, 2023",,excel art weak stori
10.0,A work of Art,hulsserge,"May 31, 2023",,work art
10.0,"Heartfelt, Engaging and Amazing",ashishkm-28078,"Jun 3, 2023",,heartfelt engag amaz
10.0,Couldn't take my eyes off the screen,oattcin,"Jun 6, 2023",,couldnt take eye screen
10.0,A masterpiece,diogomouraviegas,"Jun 25, 2023",,masterpiec
10.0,Best movie I've watched this year,talliejane-02842,"Aug 21, 2023",,best movi ive watch year
10.0,Title: A Web-Slinging Masterpiece: Spider-Man: Into the Spider-Verse Defies Expectation,notoriousash-16297,"Jul 4, 2023",,titl websling masterpiec spiderman spidervers defi expect
7.0,Don't really get the hype...,jokroeger,"Jun 3, 2023",,dont realli get hype
10.0,"Way over 10, I should say 100!",taylandeng,"Jun 5, 2023",,way say
7.0,Misguided Stretched Sequel Bait,dmoorejr,"Jun 4, 2023",,misguid stretch sequel bait
10.0,Goat,lucashillerizquierdo,"Jun 6, 2023",,goat
10.0,The Best Film I've Seen in Years,info-48105,"Jun 2, 2023",,best film ive seen year
10.0,Review from someone whose life changed because of watching the first one in IMAX 3D,morpheusbloom,"Jun 1, 2023",,review someon whose life chang watch first one imax
10.0,The second movie of what could end up as one of the greatest movie trilogies of all time,jacobmorel-21340,"Jun 5, 2023",,second movi could end one greatest movi trilog time
10.0,No corners cut!,ToteM97,"Jul 1, 2023",,corner cut
10.0,Probably the best movie in this universe,cosmynlittleskipper,"Jun 28, 2023",,probabl best movi univers
,No disappointments!,raickmiranda,"Jun 5, 2023",,disappoint
7.0,Satisfactory Sequel that Falls Short of its Predecessor,renolgregory,"Jun 2, 2023",,satisfactori sequel fall short predecessor
10.0,no comment,adburhmanadbulhkem,"Aug 13, 2023",,comment
6.0,Didn't hit the spot for me.,Jonimckenna,"Jun 4, 2023",,didnt hit spot
2.0,"Not good for kids, not nice to watch",Zooha-47207,"Sep 2, 2024",,good kid nice watch
10.0,Easily the best Spider-Man movie!,ryanandrew-05077,"Jul 9, 2023",,easili best spiderman movi
10.0,A movie that exceeds expectations,anon-00001,"Jun 10, 2023",,movi exce expect
10.0,"This might be the perfect superhero movie, if not, it's close.",neonfamxxi,"Jun 5, 2023",,might perfect superhero movi close
10.0,A+++++ A Masterpiece for Cinema,russellquisenberry,"Jun 4, 2023",,masterpiec cinema
10.0,Absolute work of art.,iipumpkiniix,"Jun 5, 2023",,absolut work art
10.0,A masterpiece in animation and story telling,otto_tieleman,"Jul 3, 2023",,masterpiec anim stori tell
,Across the Spider-Verse is the Best animated film of 2023.,Masami-J,"Jun 12, 2023",,across spidervers best anim film
6.0,Split.,krzysiektom,"Jun 16, 2023",,split
10.0,"How difficult it was to overcome the first film, this one :D did it and by far",porceljesusw,"Aug 11, 2023",,difficult overcom first film one far
6.0,"""Welcome to Spider-Society!""",classicsoncall,"Oct 21, 2023",,welcom spidersocieti
2.0,Didn't understand half of the movie,quelami,"Jun 14, 2023",,didnt understand half movi
10.0,Best Spiderman movie so far!,snrchqfx,"Aug 16, 2023",,best spiderman movi far
10.0,Miguel,viaanfrancesca,"Jun 21, 2023",,miguel
10.0,OVERWHELMINGLY GOOD,etziolopez,"Jun 7, 2023",,overwhelmingli good
10.0,Look! I KNOW WHY THERE ARE COMPLAINS.,Suprab_starz1993,"Jun 8, 2023",,look know complain
10.0,The Best Spider-Man Film. Ever.,wesleyarledge-86836,"Jul 22, 2023",,best spiderman film ever
10.0,How to make greatness even better,fracturedglitter-36-435020,"Jun 2, 2023",,make great even better
,One of the best animations of all time,JWick23,"Aug 23, 2023",,one best anim time
7.0,"The action was amazing, but rest meh...",andysheridan-68075,"Jun 14, 2023",,action amaz rest meh
10.0,Somehow they managed do outdo into the spiderverse (but not its soundtrack),sampuran,"Jul 27, 2023",,somehow manag outdo spidervers soundtrack
2.0,Visually feels like a seisure,OldMovieRob,"Jan 7, 2024",,visual feel like seisur
9.0,"Better than the one before, With better animation and better story",ghazi-zbalawi-31098,"Jun 30, 2023",,better one better anim better stori
10.0,spectacular,jcydjs,"Jun 28, 2023",,spectacular
10.0,Sony Pictures - Take a bow,stormbringa,"Jun 3, 2023",,soni pictur take bow
10.0,The best,paurushmakhija,"Jul 29, 2023",,best
10.0,Best Animated Film of '23!,nqmedia,"Jul 31, 2023",,best anim film
9.0,The BEST Spider-Man EVER!,pedrocf14,"Jun 12, 2023",,best spiderman ever
,"Wish you warn me like ""This is chapter one""",faiknadir,"Sep 30, 2023",,wish warn like chapter one
7.0,Spider-verse of Madness,jack_o_hasanov_imdb,"Jun 2, 2023",,spidervers mad
10.0,Genuinely Amazing,haydenxpro,"Jun 3, 2023",,genuin amaz
6.0,Save the Captain... next time.,chand-suhas,"Jun 1, 2023",,save captain next time
1.0,Sick of the MULTIVERSE!!,aminfotovat-02697,"Sep 24, 2023",,sick multivers
10.0,BEYOND EXPECTATIONS,alexaquarius,"Jun 11, 2023",,beyond expect
10.0,The perfect sequel!,quaade-46805,"Jul 22, 2023",,perfect sequel
10.0,The best Spider-man movie!,lukasprochazka-05904,"Jul 31, 2023",,best spiderman movi
10.0,Perfect. Just perfect.,adykotidou,"Aug 21, 2023",,perfect perfect
10.0,If you disagree...i will fight you,colewink97,"Jun 5, 2023",,disagreei fight
10.0,THE Spiderman Film to Watch!,jius,"Jun 2, 2023",,spiderman film watch
7.0,"Its good, just good",dsampat-86173,"Jun 29, 2023",,good good
10.0,This movie is insane,jacobstilwell-84634,"Jun 2, 2023",,movi insan
7.0,Great moments but not a great whole,a-clinch1,"Jun 2, 2023",,great moment great whole
3.0,Pointless film.,juniperwrb,"Jun 9, 2023",,pointless film
10.0,Surpassed my expectations,gbanoon,"Jun 1, 2023",,surpass expect
10.0,Beyond the Generic.,sventempest,"Jun 27, 2023",,beyond gener
10.0,A MASTERPIECE IN EVERY SENSE OF THE WORD,calebbrookscj,"Jun 8, 2023",,masterpiec everi sen word
10.0,MINDBLOWING,amrikaditya,"Jun 3, 2023",,mindblow
10.0,Beautiful Sequel That Continues to Elevate the Art Form,willphelan,"Nov 4, 2023",,beauti sequel continu elev art form
10.0,A great sequel,maxwellbourke,"May 31, 2023",,great sequel
6.0,Too busy,coolkiasha,"Nov 13, 2023",,busi
10.0,It's Everything The First One Was And More,cadillac20,"Jun 3, 2023",,everyth first one
7.0,Rather Disappointong,jonasjroth,"Jul 14, 2023",,rather disappointong
1.0,Why are film makers today unable to tell a story in two hours or less?,shanayneigh,"Aug 27, 2023",,film maker today unabl tell stori two hour less
10.0,A spiderman fans dream,burntoutboy,"Jun 2, 2023",,spiderman fan dream
10.0,Excellent!,msxwilliams,"Jun 3, 2023",,excel
10.0,A Multiversal Masterpiece!,cedricdumler,"Jun 5, 2023",,multivers masterpiec
10.0,"Incredible, to say the least",anibalcnso,"Jun 5, 2023",,incred say least
10.0,My new favorite movie,spiderandwolf,"Jun 3, 2023",,new favorit movi
10.0,The best animated film of all time.,Mistr-Mr,"Dec 30, 2024",,best anim film time
,"Tried a lot of different things, few worked",lone_samurai678,"Jun 3, 2023",,tri lot differ thing work
6.0,Style Over Substance?,stephenwood-99259,"Jun 2, 2023",,style substanc
9.0,It's pretty cool,octhaven,"Oct 2, 2023",,pretti cool
6.0,Average kids movie,tsandenskog,"Jul 20, 2023",,averag kid movi
1.0,A Disappointing Sequel,guilliman-40590,"Dec 3, 2024",,disappoint sequel
8.0,I got everything what I expected from this movie,de_ville-64785,"Jun 12, 2023",,got everyth expect movi
9.0,This was my favorite movie of 2023 and an absolute masterpiece!,jacoboehler-45665,"Jun 14, 2023",,favorit movi absolut masterpiec
9.0,AMAZING!,rvwrnn,"Jun 5, 2023",,amaz
9.0,Just WOW!,cainanmarshalldez,"Sep 29, 2023",,wow
8.0,"I don't think it's an absolute masterpiece, but an excellent film",alphaygr,"Sep 18, 2023",,dont think absolut masterpiec excel film
9.0,Who said second parts were never good?,LeonardoOliva69,"Jul 7, 2024",,said second part never good
6.0,Into the spider verse was better.,davidtitlow,"Dec 23, 2023",,spider vers better
10.0,one of the best animation i watched,GQQuoc,"Sep 23, 2023",,one best anim watch
6.0,Am I missing something here.,davidjejna,"Aug 13, 2023",,miss someth
2.0,Undoing character development,jordansnd,"Aug 26, 2023",,undo charact develop
10.0,An Animated Cinematic Masterpiece That Will Leave You Breathless!,fadybaseleem,"May 31, 2024",,anim cinemat masterpiec leav breathless
9.0,"Spider-Man: Across the Spider-Verse - A WILD Multiverse Ride, Frfr üí•",hamadatobio,"Dec 23, 2024",,spiderman across spidervers wild multivers ride frfr
9.0,Possibly the best animation ever made,alunmcarthur,"Apr 20, 2024",,possibl best anim ever made
9.0,A Web of Emotions and Unparalleled Action,filmezandobrasil,"Oct 2, 2023",,web emot unparallel action
10.0,A new modern animated classic,Quethinks,"Jun 17, 2024",,new modern anim classic
7.0,"Visually stunning, great dialogue, though not satisfying.",thomasjkroeze,"Jun 2, 2023",,visual stun great dialogu though satisfi
10.0,The animation alone is a mesmerizing spectacle. That paired with the excellent story puts it at another level.,poseyfan,"Jun 3, 2023",,anim alon mesmer spectacl pair excel stori put anoth level
6.0,Why no ending?,jmcoelho7,"Jun 2, 2023",,end
3.0,Disappointing,sbentley-90703,"Jun 26, 2023",,disappoint
10.0,Magical,GhostFoxX,"Jun 17, 2023",,magic
10.0,Spidey done right,ykjdh,"Jun 2, 2023",,spidey done right
10.0,A love letter for all spiderman movies/tv shows,art96321,"Jun 2, 2023",,love letter spiderman moviestv show
8.0,"I understand why this film is so incredibly highly rated, even for an opening weekend, but I do think it is a tad overrared online.",Dominic_25_,"Jun 6, 2023",,understand film incred highli rate even open weekend think tad overrar onlin
10.0,Hits Harder Than A Webshot!,raulvg-31151,"Jun 4, 2023",,hit harder webshot
10.0,Season 2a is great so far. Can't wait for season 2B.,grantlauzon,"Jun 2, 2023",,season great far cant wait season b
6.0,5 years too long in between,christopherbrooke,"Jun 2, 2023",,year long
10.0,Movie of the year,inovski,"Jun 11, 2023",,movi year
7.0,Spiderman: Across the spiderverse,liewphebe,"Nov 6, 2023",,spiderman across spidervers
2.0,A very overrated cash grab!,nothingbounce,"Jun 5, 2023",,overr cash grab
10.0,"my gosh... this is what a sequel should be, better than the first",jay632,"Jun 4, 2023",,gosh sequel better first
10.0,The Greatest Comic Book Film of all Time,TheRealPetraeus,"Jun 3, 2023",,greatest comic book film time
10.0,"Chills, literal Chills",hexx-52214,"Jun 2, 2023",,chill liter chill
10.0,A Revolutionary Masterpiece,vinniec-53536,"Jun 6, 2023",,revolutionari masterpiec
10.0,A New Benchmark in Cinematic Excellence,TheDanishMovie-Nerd,"Jun 12, 2023",,new benchmark cinemat excel
7.0,I enjoyed Across the Spider-Verse more.,MJB784,"Apr 4, 2024",,enjoy across spidervers
10.0,It has it all!,wilbertwwest,"Jun 24, 2023",,
6.0,Style over substance,rubya,"Sep 10, 2023",,style substanc
4.0,An overhyped film,williealberto,"Aug 11, 2023",,overhyp film
10.0,If I could give it more than 10 I would.,maceman1220,"Jun 5, 2023",,could give would
10.0,Speechless,xgpackerfan,"Jun 8, 2023",,speechless
10.0,Simply Wow. Continues to exceed expectations.,daniel-65836,"Aug 13, 2023",,simpli wow continu exceed expect
10.0,Had to see it 3 times at the cinema!,samsanyb,"Jun 6, 2023",,see time cinema
10.0,Wa Chai Karate Chop. I LOVE THIS MOVIE!,IMDbProTheOriginal,"Jun 8, 2023",,wa chai karat chop love movi
10.0,BEST CBM OF 2023 BY FAR,adityabagri-67458,"Jun 2, 2023",,best cbm far
6.0,False Advertising and Awkward Pacing,mcdonaldparis-83809,"Jun 28, 2023",,fals advertis awkward pace
8.0,"If this isn't perfect, I don't know what is.",whatyalookinat,"Aug 10, 2023",,isnt perfect dont know
6.0,A Miles Morales film without Miles Morales,alensufli,"Jun 1, 2023",,mile moral film without mile moral
2.0,All Filler and No movement,goodygoodman-89095,"Jun 7, 2023",,filler movement
10.0,The Most Creative Animated Movie Ever,monuthube,"Jul 1, 2023",,creativ anim movi ever
10.0,A cinematic home run,ckkoay1971,"Jun 4, 2023",,cinemat home run
10.0,Perfection,ryanwesthamfan,"Jun 3, 2023",,perfect
10.0,One of the best animated films ever made,powellian6,"Jun 4, 2023",,one best anim film ever made
10.0,An esteemed title of a sequel better than the original,ha77y73ad97,"Aug 2, 2023",,esteem titl sequel better origin
10.0,Keeps Getting Better,Mangalassery_Neelakandan,"Jun 5, 2023",,keep get better
,One of THE best Spider-Man films ever made. Full Stop.,mourxd,"Jun 11, 2023",,one best spiderman film ever made full stop
6.0,"A graphically beautiful sequel with some inspired moments, but a disappointingly mediocre story",TRinzler,"Aug 18, 2023",,graphic beauti sequel inspir moment disappointingli mediocr stori
10.0,"10/10, Perfect",dcdude-26988,"Jun 3, 2023",,perfect
6.0,Endless fighting,blixakos,"Aug 17, 2023",,endless fight
3.0,"Most Overrated Film Of 2023. Certainly not ""Peak Fiction""",Silver5963,"Dec 22, 2023",,overr film certainli peak fiction
10.0,If you're a fan of Spider Man you'll love every second of this...,marwinsingh-30063,"Jun 4, 2023",,your fan spider man youll love everi second
10.0,Good,ps-54128,"Aug 25, 2023",,good
10.0,Beyond the power of human brain to grasp it,atash1317-648-615053,"Jun 5, 2023",,beyond power human brain grasp
9.0,In a class of it's own.,ambitionsar,"Jun 5, 2023",,class
10.0,Amazing,aaronshibu-77661,"Jun 7, 2023",,amaz
10.0,The Best Movie of 2023,MovieFanatic1995,"Jul 30, 2023",,best movi
,Spider-Man: Across the Spider-Verse' Review,tamishrathore,"Aug 1, 2024",,spiderman across spidervers review
7.0,"Dialogue, always dialogue",ohadlu,"Jun 7, 2023",,dialogu alway dialogu
10.0,"This film should be shown in the museum of fine arts, not in the cinema!!!",persian_gulf_watcher,"Aug 12, 2023",,film shown museum fine art cinema
7.0,Was ok,bennyq85,"Jun 3, 2023",,ok
5.0,Was expecting better,vallscar,"Jun 1, 2023",,expect better
10.0,"Visually AMAZING, Storytelling is ON-POINT, Characters are spectacularly developed, and it has one of the BEST plot twists in ALL OF FICTION",cloverytvlogs,"Aug 11, 2023",,visual amaz storytel onpoint charact spectacularli develop one best plot twist fiction
10.0,Just stunning all around,shawnweagle,"Jun 5, 2023",,stun around
10.0,Did not disappoint,edwinomar-10060,"Aug 13, 2023",,disappoint
10.0,Masterful animated movie,zackat-76885,"Jun 16, 2023",,master anim movi
9.0,This is one of those movies that you HAVE to watch more than once in order to catch everything. Scratch that...two or three times!,trinaboice,"Nov 1, 2023",,one movi watch order catch everyth scratch thattwo three time
10.0,Masterpiece!,No-Life-101,"Aug 10, 2023",,masterpiec
6.0,Wanted to like it more,Horror_Flick_Fanatic,"Jul 6, 2023",,want like
10.0,Better than the First. A Masterpiece,AngelHonesty,"Jun 29, 2023",,better first masterpiec
6.0,AVERAGE,narenjbm,"Aug 13, 2023",,averag
3.0,Overhyped mess,francescorivaroli,"Jun 15, 2023",,overhyp mess
10.0,"Breathtaking, stunningly beautiful",Karamakate,"Jun 5, 2023",,breathtak stunningli beauti
10.0,The multiverse we deserve,thePopcornExplorer,"Jun 24, 2023",,multivers deserv
10.0,Redefining What A Movie Can Accomplish,carsonpayne-66437,"Jun 3, 2023",,redefin movi accomplish
9.0,"Maybe a bit over-hyped, but still pretty good",Rectangular_businessman,"Jun 29, 2023",,mayb bit overhyp still pretti good
10.0,Pure Art,0xkerem,"Aug 19, 2023",,pure art
7.0,"A cool sequel, but walking a line of too much.",hougejoel,"Jun 16, 2023",,cool sequel walk line much
9.0,The Universe Expands !,Movie-Dood198027,"Aug 8, 2023",,univers expand
7.0,An undoubtable masterpiece that sadly falls short of perfection,haneemansour,"Aug 9, 2023",,undoubt masterpiec sadli fall short perfect
1.0,Tiresome,rhbouchard,"Jul 12, 2023",,tiresom
10.0,My family really enjoyed it!,crwnroyale,"Jun 25, 2023",,famili realli enjoy
9.0,"If the first film put the bar for stylised animation in the stratosphere, this just catapulted it into another dimension.",Pjtaylor-96-138044,"Jun 11, 2023",,first film put bar stylis anim stratospher catapult anoth dimens
10.0,Cinematic perfection,smiling_happily_guy2002,"Jun 2, 2023",,cinemat perfect
9.0,Spider-Man: Across the Spider-Verse - An Exciting Web-Slinging Adventure,jwalkeruh,"Jul 5, 2023",,spiderman across spidervers excit websling adventur
9.0,Immersive,oibruv,"Jul 4, 2023",,immers
9.0,An Ingeniously Beautiful Love Letter to All Spider-Man Fans,charliexngo,"Jun 5, 2023",,ingeni beauti love letter spiderman fan
7.0,I must have missed something,cmburton-29875,"Sep 30, 2023",,must miss someth
10.0,"This is one of the best sequels I've ever seen in years, it was amazing!",morsydelila,"Sep 28, 2023",,one best sequel ive ever seen year amaz
7.0,very long windup,sixteensugarss,"Jan 30, 2024",,long windup
5.0,I guess I would have liked it if I knew what is going on?,Flak36,"Jun 4, 2023",,guess would like knew go
9.0,The sequel better than the first movie!,kheyaanamistry,"Jun 3, 2023",,sequel better first movi
9.0,Spiderman never disappoints,Woldmack,"Jun 24, 2023",,spiderman never disappoint
10.0,One of the best experiences ever since attack on titan,zanime-19400,"Sep 20, 2023",,one best experi ever sinc attack titan
10.0,I'd give it 11 stars if I could,rnxszxfdxh,"Jun 1, 2023",,id give star could
10.0,Top Tier Film,kxqpmnzt,"Jun 2, 2023",,top tier film
9.0,To all fans of Spider-Man - 9.5/10,FireJach,"Jun 2, 2023",,fan spiderman
,Masterpiece that's for sure.,JapanMovies,"Sep 6, 2023",,masterpiec that sure
7.0,Way Too Long,cr-14040,"Nov 2, 2023",,way long
10.0,Amazing...spectacular...superior...ultimate,jamesoshea-55508,"Sep 18, 2023",,amazingspectacularsuperiorultim
6.0,OVERRATED,TheTrueMovieFan,"Jun 13, 2023",,overr
10.0,"To call ""Across the Spider-Verse"" a masterpiece would be an understatement",ZeroMajor,"Jun 1, 2023",,call across spidervers masterpiec would understat
9.0,Web-Slinging Marvel,mattrees-11612,"Oct 10, 2023",,websling marvel
10.0,My family of 6 love this movie.,jaywalker-59018,"Sep 17, 2023",,famili love movi
10.0,"This is not a movie, This is a work of art!",mahyaraboutorabi,"Sep 24, 2023",,movi work art
10.0,No superhero fatigue. Period!,tiwariutkarsh-29566,"Sep 24, 2023",,superhero fatigu period
10.0,What a cliffhanger!,ryanhadi,"Sep 23, 2023",,cliffhang
6.0,[6.2] Spider-Man?! How many?!,cjonesas,"Jan 5, 2024",,spiderman mani
10.0,this is best movie ever üíØ/üíØ,hsnalmghrby,"Sep 25, 2023",,best movi ever
7.0,Overwhelming and overrated,mito_ban,"Jun 11, 2023",,overwhelm overr
5.0,Didn't feel like the 2nd part of the 1st great one.,parasvanzari,"Jun 3, 2023",,didnt feel like nd part st great one
8.0,"""Everyone keeps telling me how my story is supposed to go. Nah. I'mma do my own thing.""",oigbide,"Mar 28, 2024",,everyon keep tell stori suppos go nah imma thing
10.0,Just wow,LilacsAreNew,"Nov 10, 2023",,wow
9.0,Unveiling the Multiverse: A Masterpiece of Resilience and Relatability in 'The Best Spider-Man Movie Ever Made,christianbarbour-78264,"Aug 13, 2023",,unveil multivers masterpiec resili relat best spiderman movi ever made
10.0,ONE OF THE GREATEST ANIMATED MOVIES EVER MADE!!!!!,jared-25331,"Nov 27, 2024",,one greatest anim movi ever made
10.0,It delivered a masterpiece,jaharmuhammedm,"Jun 1, 2023",,deliv masterpiec
10.0,Marvelous,vibhus-17780,"Jun 1, 2023",,marvel
,An actual fair and balanced review,TicTacTruth,"Jun 4, 2023",,actual fair balanc review
6.0,Overrated And Okay..,GooseStar,"Jun 4, 2023",,overr okay
10.0,Goat spiderman movie,jamesboggs-60736,"Jun 3, 2023",,goat spiderman movi
1.0,"Wait, What, what was that ?",dtsda,"Jul 15, 2023",,wait
10.0,Spider man is great,justusstallworth,"Aug 10, 2023",,spider man great
8.0,Still Good,ybredad,"Nov 1, 2023",,still good
10.0,THIS IS MOVIE OF THE CENTURY,jacobcresswell-03087,"Jun 5, 2023",,movi centuri
9.0,Genuinely good,Bright0001,"Sep 9, 2023",,genuin good
9.0,"Great with characters, up hype.",davidnebotib,"Jul 3, 2023",,great charact hype
9.0,stunning,amrock15494,"Oct 30, 2023",,stun
,"Bigger, Better & Breathtaking Beyond Expectations",CinemaClown,"Jun 16, 2023",,bigger better breathtak beyond expect
6.0,Fast paced confusing plot,tvarvlsi,"Jul 1, 2023",,fast pace confus plot
9.0,A must watch film,sohaibamalik-12640,"Aug 26, 2023",,must watch film
7.0,Pacing seemed slow in order to get two movies out of one story,jmbush22,"Jun 11, 2023",,pace seem slow order get two movi one stori
2.0,Atrocious story but amazing art,igarrrigan,"Jul 4, 2023",,atroci stori amaz art
10.0,Phenomenal.,ayanaturner-25488,"Jul 15, 2023",,phenomen
9.0,Everything A Superhero Movie Is Supposed To Be.,farusyed,"Jun 6, 2023",,everyth superhero movi suppos
10.0,A true Masterpiece,vsyrwscz,"Jun 5, 2023",,true masterpiec
10.0,Mind-Blown,manoharsilla,"Jun 5, 2023",,mindblown
10.0,One of the Best Across Spider-Verse to Anything Ever Made,johnmello-96881,"Jun 30, 2023",,one best across spidervers anyth ever made
10.0,This movie was amazing!,mhumala,"Jun 5, 2023",,movi amaz
6.0,Could have been better,aamirxs,"Jun 5, 2023",,could better
9.0,Spider-Man Across the Spider Verse!! Part One,joeyastles,"Aug 18, 2023",,spiderman across spider vers part one
7.0,Half of a movie,IgnatiusVI,"Jul 20, 2023",,half movi
5.0,A very generic and boring movie for my taste.,jralfred,"Sep 17, 2023",,gener bore movi tast
9.0,Breath of fresh air!,katlegopadre,"Aug 10, 2023",,breath fresh air
9.0,A Mind-Bending Sequel That Takes Animation to New Heights,shoebsaad,"Jul 5, 2023",,mindbend sequel take anim new height
9.0,Bold choices!,alessandro_sp,"Aug 17, 2023",,bold choic
10.0,How can you make this good of a movie ?,gutmaniseliass,"Jun 17, 2023",,make good movi
10.0,*Greatest Movie I Have Ever Seen..!!*,chiragrathod09,"Aug 6, 2024",,greatest movi ever seen
9.0,Awesome,StrangerThanDiction,"Jun 6, 2023",,awesom
7.0,The Spider-Verse is glitching...,jacobski-34770,"Jun 2, 2023",,spidervers glitch
10.0,Best animation ever,b-v-kastanidis,"Oct 29, 2023",,best anim ever
7.0,Great Visuals and Soundtrack but plot is ummm coarse.,gehrthistan,"Jun 20, 2023",,great visual soundtrack plot ummm coars
1.0,Waste of Money,whereismyaphros,"Aug 10, 2023",,wast money
10.0,Flat out amazing!!,ninjaninja-85128,"Jul 22, 2023",,flat amaz
10.0,Best Superhero Experience In A Long Time,jes-47323,"Jun 5, 2023",,best superhero experi long time
8.0,A COLOSSAL CREATION OF SPIDER-WORLD IN THE MOST SUPERLATIVE WAY.,devendralilke,"Aug 21, 2023",,coloss creation spiderworld superl way
10.0,The best,itzjson,"Jul 2, 2023",,best
10.0,"Funny, scary, exciting - one to watch in a crowded theater",TBJCSKCNRRQTreviews,"Jun 2, 2023",,funni scari excit one watch crowd theater
8.0,"A good film, but very overhyped",BenW1999,"Jun 1, 2023",,good film overhyp
7.0,This movie doesn't have an end and it doesn't say it,ragnaarok,"Sep 14, 2023",,movi doesnt end doesnt say
9.0,Bravo!!!,jascoward,"Jul 2, 2023",,bravo
6.0,Stunning art style but overlong and meandering plot,malammar,"Jun 20, 2023",,stun art style overlong meander plot
5.0,Spiderverse 2 (Part One),theryuary,"Jun 4, 2023",,spidervers part one
8.0,You Are Not Alone...,Xstal,"Jun 4, 2023",,alon
10.0,An Epic Sequel,alindsayal,"Jun 21, 2023",,epic sequel
9.0,I can't wait to see how it'll be ended in BTSV.,khalidmoubile,"Aug 10, 2023",,cant wait see itll end btsv
9.0,Amazing sequel,Rectangular_businessman,"Jun 30, 2023",,amaz sequel
9.0,ThiS MoVIe Is ReALly aN AnOmaLY¬ø,Musa0Kerem0Boz,"Jun 3, 2023",,movi realli anomali
9.0,The Multiverse Movie MCU is Trying so Hard to Be,asayed-63121,"Jun 3, 2023",,multivers movi mcu tri hard
7.0,Don't take the current ranking seriously,suman1407,"Dec 14, 2023",,dont take current rank serious
10.0,Eye-boggling,neil-476,"Jun 2, 2023",,eyeboggl
6.0,Spiderman in Madoka Magica x Elektra Assassin,purchases-22080,"Jun 5, 2023",,spiderman madoka magica x elektra assassin
3.0,"Messy, boring, milked",nixon-87593,"Mar 2, 2024",,messi bore milk
8.0,Beautiful but lacking,tjmm-10565,"Jun 3, 2023",,beauti lack
10.0,The Spider-Man Masterpiece,TheMysteriousReviewer,"Aug 14, 2023",,spiderman masterpiec
8.0,Lightning strikes twice in this top-notch sequel,eddie_baggins,"Jun 1, 2023",,lightn strike twice topnotch sequel
8.0,Greatest Spiderman Trilogy in the Making ??!!,saikatsamanta,"Aug 22, 2023",,greatest spiderman trilog make
9.0,THE ABSOLUTE BEST OF THE BEST!!,ruelshepperd,"Jun 3, 2023",,absolut best best
9.0,A Marvelous Exploration into the Spider-Verse!,LansTaylor,"Jun 6, 2023",,marvel explor spidervers
7.0,Would have rated higher but...,zakcarroll-93753,"Sep 7, 2023",,would rate higher
9.0,"An on-point, on-time zeitgeist expression for our time",healingtoolbox,"Jun 6, 2023",,onpoint ontim zeitgeist express time
6.0,Not a complete story,AncientMorgoth,"Feb 4, 2024",,complet stori
4.0,No story only Fantastic Animation,kavilwagh,"Jun 12, 2023",,stori fantast anim
10.0,Woah! I love spider man,EmptyPopcornBucketProd,"Jun 2, 2023",,woah love spider man
10.0,Perfection has a new standard,heatherlaird-82917,"Jun 1, 2023",,perfect new standard
9.0,"Amazing animation, driven by an emotional and expansive story",Seb_3,"Dec 9, 2023",,amaz anim driven emot expans stori
10.0,Can't wait for PART TWO!,sin-52002,"Jun 2, 2023",,cant wait part two
10.0,A FANTASTIC SPIDER-MAN MOVIE!!!,bhernandez2216,"Jun 22, 2023",,fantast spiderman movi
10.0,Each frame was rich and dazzling,pranayjalvi,"Jun 4, 2023",,frame rich dazzl
,I have mixed feelings about this...,wrenschaalje,"Jun 3, 2023",,mix feel
6.0,Awesome for animators ..not so for non-animators,kfdiest,"Dec 11, 2023",,awesom anim nonanim
9.0,Respect. That's all it takes. Respect for the lore and mythos. And flawless storytelling skills. Thank you Phil Lord and Chris Miller. You did it again.,quiqueperezsoler,"May 31, 2023",,respect that take respect lore mytho flawless storytel skill thank phil lord chri miller
7.0,"Animation - 10+, story - 4",gillies,"Jul 2, 2023",,anim stori
5.0,"Ok movie, a bit confusing.",trdatiii,"Jun 8, 2023",,ok movi bit confus
10.0,LOVE LETTER FROM SONY AND MARVEL,vishalmellark,"Jun 4, 2023",,love letter soni marvel
10.0,A Work of Art,kjproulx,"Jun 4, 2023",,work art
8.0,"Solid, but not very satisfying on its own",roaches_97,"Jun 6, 2023",,solid satisfi
10.0,"A brand new level, a milestone in Animation !",elhamfirmino,"Jun 2, 2023",,brand new level mileston anim
10.0,Storytelling Masterpiece!,TheDestroia,"Jun 8, 2023",,storytel masterpiec
10.0,Worthy sequel,masonsaul,"Jun 3, 2023",,worthi sequel
7.0,A Spectacular and Groundbreaking Animated Adventure,sufyaanrashid95,"Jun 9, 2023",,spectacular groundbreak anim adventur
9.0,An excellent half a movie,benjaminskylerhill,"Jun 1, 2023",,excel half movi
7.0,pretty good,eimancoolguy,"Jun 4, 2023",,pretti good
3.0,Absolute mess,kristofferlsk,"Aug 26, 2023",,absolut mess
10.0,"Tears Of Joy! True Believers, Tears of Freakin' Joy!",Nyc_Don_DrKing,"Jun 4, 2023",,tear joy true believ tear freakin joy
9.0,Full of Confidence,talking_about_movies,"Jun 3, 2023",,full confid
10.0,Absolutely phenomninal,Donki,"Jun 1, 2023",,absolut phenomnin
8.0,"Fantastic movie surpasses the first, but is a secret two-parter.",redscotts,"Jun 9, 2023",,fantast movi surpass first secret twopart
9.0,What Marvel is Lacking,aigmale,"Nov 27, 2023",,marvel lack
7.0,A really amazing (LONG) trailer for the 3rd movie,russwrpiujfjuhj,"Jun 9, 2023",,realli amaz long trailer rd movi
7.0,Very good...,Thanos_Alfie,"Dec 15, 2024",,good
4.0,Long Movie that doesn't Finish,brandonhart-47491,"Jun 6, 2023",,long movi doesnt finish
10.0,Best Spider-Man movie ever made period,SpiderMan2543,"Aug 6, 2023",,best spiderman movi ever made period
10.0,A Cinematic Masterpiece!,bluenuriya,"Aug 17, 2023",,cinemat masterpiec
10.0,"Like mushrooms, with a better soundtrack",Equuleus78,"Jun 7, 2023",,like mushroom better soundtrack
9.0,"Just to save you, I'd give all of me",Muhammad29,"Jun 6, 2023",,save id give
10.0,Beautifully Animated Masterpiece,tomietommy,"Aug 17, 2023",,beauti anim masterpiec
10.0,Fantastic Movie,frederikejrnaes,"Aug 6, 2023",,fantast movi
7.0,I needed to watch this movie,pauloalexandre1,"Jun 17, 2023",,need watch movi
10.0,Smth to blow your mind in a good way,emilliomilka,"Aug 15, 2023",,smth blow mind good way
7.0,Good film,michellecar-FLgal,"Oct 19, 2024",,good film
2.0,Overrrated style over substance,gssssym,"Jul 12, 2023",,overrr style substanc
10.0,A masterfully written sequel,janfrankowski,"Nov 10, 2023",,master written sequel
10.0,Something Else,addisonyanito,"Jun 2, 2023",,someth el
10.0,An animated masterpiece,nhakusho,"Oct 26, 2023",,anim masterpiec
9.0,Sensory Overload in the best possible way.,Sdsman1117,"Jun 4, 2023",,sensori overload best possibl way
10.0,Spider-Man: Across the Spider-Verse Its a Masterpiece,batistaptrigo,"Nov 2, 2023",,spiderman across spidervers masterpiec
10.0,God tier,ayushsandilya-43251,"Jul 9, 2023",,god tier
7.0,Out of this world visuals! Lacking development.,smithhudson,"Jun 25, 2023",,world visual lack develop
10.0,Wow!! I was left speechless with a smile on my face!,MrMultiVerse,"Aug 13, 2023",,wow left speechless smile face
7.0,Excessive hip hop and comic style narrative weighs down an otherwise good movie,jayenjr,"Jun 5, 2023",,excess hip hop comic style narr weigh otherwis good movi
3.0,I left before the end,olivierpichon,"Jul 8, 2023",,left end
9.0,Wow,eoinageary,"Jul 12, 2023",,wow
9.0,Spider-Man: Across the Spider-Verse is gloriously additive,elroysalam,"Aug 26, 2023",,spiderman across spidervers glorious addit
10.0,HORRIBLE!,NewgenW,"Jun 4, 2023",,horribl
10.0,Wonderful Spider-Man Movie. 10/10,matthewraymer,"Jul 29, 2023",,wonder spiderman movi
9.0,Spider-Tastic,JhoanGutierreZ,"Jun 5, 2023",,spidertast
10.0,(Not) the only one,kosmasp,"Jun 3, 2023",,one
,"Across The Corporate-verse, Cartoon All Stars to the rescue for the tik tok generation",FrankDrive,"Jun 24, 2023",,across corporatevers cartoon star rescu tik tok gener
7.0,It's good just different,ruinouslore,"Jun 21, 2023",,good differ
9.0,Doesn't need to split into 2-part movies but they did anyway for money,amzn-17903,"Jun 13, 2023",,doesnt need split part movi anyway money
6.0,A FLAWED MASTERPIECE,vicentedeiros,"Jun 11, 2023",,flaw masterpiec
1.0,"Zero plot, dragged. The definition of underwhelmed",pdhemming,"Jun 5, 2023",,zero plot drag definit underwhelm
8.0,This movie is the definition of blue balls,Jordyboy2187,"Jun 1, 2023",,movi definit blue ball
10.0,I never expected it would be possible to top the first one!,vithiet,"Aug 20, 2023",,never expect would possibl top first one
10.0,Masterpiece.,rexmatthewj,"Jun 1, 2023",,masterpiec
8.0,5 Years Was Worth the Wait!,demonblade-37792,"Jun 5, 2023",,year worth wait
10.0,Easily the best film of the year thus far,moviemanmo973,"Jun 2, 2023",,easili best film year thu far
6.0,The Indian Spider-Man was the best part,parisbrunner,"Aug 20, 2023",,indian spiderman best part
8.0,Meaningful,boblipton,"Jun 11, 2023",,meaning
7.0,Looking forward to part 3,thunt,"Jun 26, 2023",,look forward part
1.0,High budget trash.,normalization,"Jun 16, 2023",,high budget trash
10.0,It took me a rewatch to fully appreciate this masterpiece,evansjoshyr,"Jun 25, 2023",,took rewatch fulli appreci masterpiec
9.0,FOR THE FANS!!!!,Aziz24,"Jul 10, 2023",,fan
10.0,"If the animation style is not an issue, this is awesome.",CorumJI,"Jun 6, 2023",,anim style issu awesom
9.0,Spider-Man Continues To Be Amazing,sme3,"Jul 3, 2023",,spiderman continu amaz
10.0,Mindblowing Action,PastaDental,"Aug 26, 2023",,mindblow action
10.0,Visually stunning and emotionally satisfying,jacksongaming-80094,"Jun 1, 2023",,visual stun emot satisfi
6.0,Did you really have to end it that way?,ledadaehler,"Jun 5, 2023",,realli end way
9.0,Super Worth It! Don't miss this chance!,arvinjanasis,"Jun 6, 2023",,super worth dont miss chanc
6.0,Half a movie,snailbait-43727,"Jun 25, 2023",,half movi
1.0,When you watch trash like this its a sure sign civilization has collapsed.,Vivekmaru45,"Aug 11, 2023",,watch trash like sure sign civil collaps
10.0,A masterpiece of animation and cinema,mahmus,"Jun 4, 2023",,masterpiec anim cinema
10.0,I regret choosing not to watch this in the theater.,TreeFiddy53,"Aug 14, 2023",,regret choos watch theater
10.0,New Level of Expansion of the Spiderverse,timeblank,"Jun 8, 2023",,new level expans spidervers
10.0,How Do I Feel This Connected to These Characters?,jordyntsmith,"Jun 7, 2023",,feel connect charact
8.0,Better than into the spider verse,jackmc-26273,"Jun 2, 2023",,better spider vers
10.0,I. Love. It.,zerturk,"Jul 24, 2023",,love
6.0,"Ambitious, comic fan oriented, slow start, satisfactory",ysun-90051,"Jun 12, 2023",,ambiti comic fan orient slow start satisfactori
10.0,Animation review,amirhoseinahg,"Oct 11, 2023",,anim review
6.0,Took a very nice nap during this movie,dmartid,"Jul 8, 2023",,took nice nap movi
1.0,Waste,phiup,"Aug 14, 2023",,wast
10.0,Awesome,cheesy-58291,"Jun 4, 2023",,awesom
9.0,Just watched Across the Spider-Verse,Curtain_Call_Films,"Jul 8, 2023",,watch across spidervers
10.0,Spiderman,colakyusuf-79463,"Jun 5, 2023",,spiderman
9.0,SPIDERVERSE DONE RIGHT!,TheNeumanator,"Jul 8, 2023",,spidervers done right
10.0,Quite Possibly the Greatest Animated Movie of All Time!,oooommmmiiiiii,"Jul 24, 2023",,quit possibl greatest anim movi time
10.0,Spider-Man: Across the Spider-Verse,ergo-58534,"Jul 12, 2023",,spiderman across spidervers
6.0,Too many speeches,rotten-potatoes,"Jun 5, 2023",,mani speech
10.0,Best movie I've ever watched,bentenfanboy,"Jun 6, 2023",,best movi ive ever watch
7.0,"Story is great, visuals are sometimes painful.",ameliamuldrew-12905,"Aug 10, 2023",,stori great visual sometim pain
2.0,Boring but illustrated good,julie-arney,"Oct 4, 2023",,bore illustr good
10.0,Never give up.,nrucker-87512,"Jun 3, 2023",,never give
10.0,Miles Morale,mcraedouglas06,"Oct 3, 2023",,mile moral
10.0,Amazing,itsjordandelluta,"Nov 23, 2024",,amaz
10.0,This needs to be nominated for best picture..,charpercrp,"Jun 2, 2023",,need nomin best pictur
10.0,Honestly,chiperipeter,"Aug 22, 2023",,honestli
10.0,"Very nice, expend your money in this movie",nicolastkpkj,"Jun 3, 2023",,nice expend money movi
7.0,Far better than most superhero movies these days but falls short on the writing and story.,charlieedmond,"Aug 8, 2023",,far better superhero movi day fall short write stori
10.0,My new favorite superhero movie of all time and favourite movie of 2023,em0babe,"Jul 24, 2023",,new favorit superhero movi time favourit movi
7.0,"You need to watch this movie, but you don't have to enjoy it.",obsidian-99735,"Jun 4, 2023",,need watch movi dont enjoy
4.0,Not all that,wolfiemn,"Nov 19, 2023",,
10.0,Spider-Man: Across the Spider-Verse: A Dazzling Masterpiece That Soars Above Expectations!,mq992000,"Jun 4, 2023",,spiderman across spidervers dazzl masterpiec soar expect
8.0,A Betrayal Most Foul,yoomoonplop,"Jun 2, 2023",,betray foul
9.0,Absolutely great,IbrahimNayaya,"Aug 15, 2023",,absolut great
10.0,One of the best CBM's ever,georgepriestman,"Aug 22, 2023",,one best cbm ever
10.0,Blew the first one out of the water,sevskirita,"Oct 8, 2023",,blew first one water
10.0,Truly best Marvel movie from Endgame,icklesparda,"Jun 2, 2023",,truli best marvel movi endgam
7.0,Beautiful artwork and compelling story but....,Richard-William-Brooks,"Jun 5, 2023",,beauti artwork compel stori
10.0,Spider-Man will live forever with this!!!,VivaanK,"Jul 13, 2023",,spiderman live forev
6.0,It's half a movie. That had to push politics.,nwghhyj,"Jun 6, 2023",,half movi push polit
3.0,The plot is really bad,oellinger-markus,"Oct 15, 2023",,plot realli bad
10.0,"Amazing, heartfelt, fun, authentically original",beirnesw-830-938094,"Oct 2, 2023",,amaz heartfelt fun authent origin
10.0,What an achievement!,djrmc24,"Oct 14, 2023",,achiev
9.0,Innovative,JackRJosie,"Jul 16, 2023",,innov
9.0,Great Movie,mohar-89687,"Nov 14, 2023",,great movi
10.0,'Spider-Man: Across the Spider-Verse' Redefines Animation and Storytelling,ashyjr,"Oct 18, 2024",,spiderman across spidervers redefin anim storytel
10.0,One of the best Superhero movies of all time,The_CorrectCritic,"Jun 2, 2023",,one best superhero movi time
6.0,The trailers showed too much.,ernestobladins,"Jun 2, 2023",,trailer show much
10.0,We waited 5 years and it's worth the wait,Isak777,"Jul 13, 2023",,wait year worth wait
6.0,Greatness held back by ESG,Erlik_Han,"Dec 2, 2023",,great held back esg
10.0,"Story and art are fantastic, beware of cliffhanger",clairelu60,"Jul 26, 2023",,stori art fantast bewar cliffhang
10.0,Masterpiece,akaslammin,"Jun 9, 2023",,masterpiec
10.0,SPIDER MAN BEST MOVIE,ck-54034,"Feb 24, 2024",,spider man best movi
10.0,Masterpiece,harshal792,"Jun 4, 2023",,masterpiec
10.0,A Triumph of Animation and Emotional Depth!,DionysusReborn,"Jul 23, 2023",,triumph anim emot depth
10.0,Simply stunning,maik-buetefuer,"Oct 15, 2024",,simpli stun
,Speed fighter man,hoarjun-99964,"Jun 20, 2023",,speed fighter man
7.0,"A good film, but doesn't capture the charm of the original.",madisencharae,"Jun 5, 2023",,good film doesnt captur charm origin
10.0,the best film relesed since 2013!!,illaymelamed,"Jun 1, 2023",,best film reles sinc
6.0,NAHHH... I WASN'T FEELING THIS ONE.. AT LEAST NOT WHOLLY.,Saanwithhisstupidthoughts,"Jun 6, 2023",,nahhh wasnt feel one least wholli
1.0,Disappointing after all the hype,skiaplg,"Jun 15, 2023",,disappoint hype
10.0,This movie is awesome.,carranzaivan-17442,"Oct 7, 2024",,movi awesom
10.0,Pure art.,el-tito-kenoshez,"Oct 19, 2023",,pure art
10.0,Big Film that left a Big Impact on Me!,Clank_Zoka,"Jun 4, 2023",,big film left big impact
10.0,CINEMATIC MASTERPIECE,Teomatic,"Jun 6, 2023",,cinemat masterpiec
9.0,"As Good As The Original, Maybe Better",chrischurilla,"Oct 16, 2023",,good origin mayb better
9.0,Stunningly amazing sequel to a brilliant film that expands on the universe perfectly,ibbyrahimk,"Nov 19, 2024",,stunningli amaz sequel brilliant film expand univers perfectli
10.0,Miles Morales is the Spiderman we've always wanted!,nicolasroop,"Jun 2, 2023",,mile moral spiderman weve alway want
7.0,"Awesome graphics, good story, too much movement",erikruiz-69235,"Jul 7, 2023",,awesom graphic good stori much movement
3.0,90% of this film had nothing to do with the actual plot,autumnjoiner,"Jun 3, 2023",,film noth actual plot
10.0,Across The Spider-Verse is Something Else!,Johnny-the-Film-Sentinel-2187,"Jun 1, 2023",,across spidervers someth el
10.0,It's Gonna Give People Some Strong Thoughts!,Johnny-the-Film-Sentinel-2187,"Jun 1, 2023",,gonna give peopl strong thought
8.0,Worth every minute of that five year wait,Mr-Fusion,"Jun 4, 2023",,worth everi minut five year wait
10.0,This movie changed my life!,georgeechambers,"Sep 8, 2023",,movi chang life
9.0,Very nearly a masterpiece,cardsrock,"Jun 7, 2023",,nearli masterpiec
10.0,"Spider-Man: Across the Spider-Verse (2023, Joaquim Dos Santos, Kemp Powers & Justin K. Thompson) Stunning, heartfelt, eye popping continuation of Miles Morales' Spidey story",hoernkeem,"Aug 18, 2023",,spiderman across spidervers joaquim do santo kemp power justin k thompson stun heartfelt eye pop continu mile moral spidey stori
6.0,Mediocre YA borefest,Evrnyldrm,"Jun 17, 2023",,mediocr ya borefest
10.0,An absolute visual and narrative triumph.,anyanimeotoho,"Aug 17, 2023",,absolut visual narr triumph
6.0,Perfect writing and setup for an epic conclusion but super jarring and distorted animation at times,unununbelievabledeals,"Jun 7, 2023",,perfect write setup epic conclus super jar distort anim time
2.0,"Long, slow, with a cliffhanger.",ckazmiruk-85477,"Jun 4, 2023",,long slow cliffhang
10.0,His name is Miles Davis,ThunderKing6,"Sep 17, 2023",,name mile davi
10.0,One of the best Superhero films of all time,atleverton,"Aug 6, 2023",,one best superhero film time
9.0,"How to Make an Amazing ""Transitional Film"": Here's How, Definitely Watch It in Theaters",olcare,"Jun 16, 2023",,make amaz transit film here definit watch theater
9.0,Unbelieveable,DanTheMan2150AD,"Jun 3, 2023",,unbeliev
10.0,Damn,Felix1235,"Jul 31, 2023",,damn
10.0,It's wonderful movie üòç,aalahmari-03829,"Aug 21, 2023",,wonder movi
,Spidermid,shendillapashtica,"Jun 8, 2023",,spidermid
6.0,Second Installment goes overboard with what worked in the 1st,dennesey,"Jun 11, 2023",,second instal goe overboard work st
10.0,A cinematic tribute,nayefseelawi-35195,"Aug 28, 2023",,cinemat tribut
7.0,The first movie was better,bissnez,"Jun 10, 2023",,first movi better
3.0,Why is it about Miles?,alryanjayvillamor,"Aug 7, 2023",,mile
10.0,All of the same force against one's self,H0kv5,"Aug 7, 2023",,forc one self
9.0,How a sequel should be!,exceladeogun,"Jul 9, 2023",,sequel
9.0,An Achievement in Every Sense.,ryanpersaud-59415,"Jun 12, 2023",,achiev everi sen
10.0,Ridiculous,chris_rowe-881-168820,"Jun 8, 2023",,ridicul
8.0,A Fantastic Movie,Bobby_Diesel,"Jun 19, 2023",,fantast movi
10.0,"Can I say perfect? If not, then it is the closest thing.",blasquezmiguel02,"Jun 3, 2023",,say perfect closest thing
7.0,Pretty good,wet_bandit,"Jun 14, 2023",,pretti good
10.0,Best movie ever created,dcnczzdd,"Jun 5, 2023",,best movi ever creat
6.0,Across the Spider verse,rnixon1974,"Jun 20, 2023",,across spider vers
5.0,Spider-Man: Across the Spider-Verse,Prismark10,"Oct 21, 2023",,spiderman across spidervers
10.0,This is what you can call a successful sequel,Borkies,"Jun 8, 2023",,call success sequel
10.0,WHAT A DAMN MOVIE üôåüèæ,chrishob-05766,"Jun 19, 2023",,damn movi
10.0,The second best comic book movie of all time,asherrbh_15,"Jun 11, 2023",,second best comic book movi time
9.0,A great sequel to an almost perfect movie,Geekofriendly,"Jun 4, 2023",,great sequel almost perfect movi
8.0,great continuation,SnoopyStyle,"Aug 22, 2023",,great continu
8.0,A superbly executed sequel,ethanbresnett,"Jul 2, 2023",,superbl execut sequel
7.0,Lots of filler but It was alright,parkerzapped,"Jun 7, 2023",,lot filler alright
9.0,I liked this even more after a second viewing,Jeremy_Urquhart,"Jun 22, 2023",,like even second view
,a worthy showing even if it doesn't match the original's impact,Special-K88,"Jul 28, 2023",,worthi show even doesnt match origin impact
7.0,Ugh ... enough already.,mrglenngrant,"Jun 14, 2023",,ugh enough alreadi
3.0,Disappointingly Surprised,ThereelscoopwithKK,"Jul 3, 2023",,disappointingli surpris
9.0,Almost Perfect,sktraut,"Jun 3, 2023",,almost perfect
10.0,The Best Movie of the Year So Far (A Must See Masterpiece),ryanperez-1999,"Jun 10, 2023",,best movi year far must see masterpiec
10.0,One of the greatest Spider-Man films ever made,TheRedRex,"Jun 5, 2023",,one greatest spiderman film ever made
10.0,Awesome,hyjgdjjg,"Jun 8, 2023",,awesom
10.0,The Best movie i have ever seen üëç,DerPaulPP,"Jun 15, 2023",,best movi ever seen
8.0,An impressive bold piece of pop art entertainment,ObsessiveCinemaDisorder,"Jul 11, 2023",,impress bold piec pop art entertain
7.0,Too many things going on,ulpyon,"Jun 25, 2023",,mani thing go
9.0,This is what spider-Man should be,ThomasCruiseMapotherIV,"Jun 2, 2023",,spiderman
7.0,Bringing the dimensions together was bad .,mrmsjgaiming,"Jun 15, 2023",,bring dimens togeth bad
2.0,Overrated,cederhorn,"Jul 21, 2024",,overr
10.0,Visually stunning,brianburton-01816,"Jun 3, 2023",,visual stun
8.0,The Best Spider-Man Movie!,KFstudios2009,"Jul 12, 2023",,best spiderman movi
9.0,Great Example of What A Multiverse Movie Should Be.,cascascinemareceipts,"Nov 8, 2023",,great exampl multivers movi
9.0,Fan-tastic,cmeabon,"Jul 2, 2023",,fantast
9.0,"Spider-Man: Across the Spider-Verse - A multiverse of fun, action, and spider-sense tingling!",sainarnab,"Jun 3, 2023",,spiderman across spidervers multivers fun action spidersens tingl
10.0,AMAZING BUT CLIFFHANGER,gilkersonzechariah,"Jun 3, 2023",,amaz cliffhang
6.0,"A visual feast, but",Moondose,"Jun 3, 2023",,visual feast
10.0,Everything I Could've Asked For and More,qhcjgh,"Jun 5, 2023",,everyth couldv ask
6.0,Spiderman Speed Bump,statuskuo,"Jul 3, 2023",,spiderman speed bump
3.0,Headache inducing discomania,post-62245,"Sep 22, 2023",,headach induc discomania
9.0,When part 2? It's THAT good!,melissadegraaf,"Jun 20, 2023",,part good
8.0,A Masterpiece of Animation and Storytelling,franciscogallo-90115,"Dec 12, 2024",,masterpiec anim storytel
10.0,One step close to perfection,tccrh-92806,"Jun 2, 2023",,one step close perfect
9.0,A True Animated Masterpiece,nstring-98022,"Jul 20, 2023",,true anim masterpiec
9.0,A lot more Spider-Man!,garethwooduk,"Jul 4, 2023",,lot spiderman
10.0,It was so good,csffqrpd,"Jun 3, 2023",,good
6.0,A Promising Sequel with Room for Improvement,krunalpatel11127,"Jun 4, 2023",,promis sequel room improv
9.0,Pushes the boundaries of animation even further. Pixar's latest releases look so uninspired next to this.,H4wke,"Nov 6, 2024",,push boundari anim even pixar latest releas look uninspir next
7.0,It was really good but...,J0ESUFF,"Dec 12, 2023",,realli good
4.0,long music video with generic coming of youth story,walif-93056,"Feb 6, 2024",,long music video gener come youth stori
10.0,A must watch! A gem!,missz-13228,"Jun 4, 2023",,must watch gem
10.0,Just a delight,danmcatee,"Jun 2, 2023",,delight
10.0,The best movie,sexyladyjen,"Aug 1, 2024",,best movi
9.0,A really really good sequel and a visual masterpiece,Thecritichood234,"Oct 6, 2023",,realli realli good sequel visual masterpiec
10.0,A Jaw Dropping Work of Art,anchitbaishya2004,"Jun 11, 2023",,jaw drop work art
9.0,An incredible sequel to an incredible prequel,alpkaranb,"Jul 13, 2023",,incred sequel incred prequel
7.0,A Good Sequel to this still going trilogy,rdwp-88650,"Jul 29, 2023",,good sequel still go trilog
10.0,Such an amazing experience,Littlesummer14,"Jun 4, 2023",,amaz experi
7.0,Spiderman across the Spider Verse,IceCream-57,"Dec 10, 2023",,spiderman across spider vers
3.0,"Extremely overrated, kinda boring",jalexandergomezg,"Nov 12, 2023",,extrem overr kinda bore
10.0,MASTERPIECE,cknnk-06027,"Jul 14, 2023",,masterpiec
10.0,Peak animated movie!!!,robertcahun,"Jun 27, 2023",,peak anim movi
10.0,üî•üî•üî•üî•,psckr,"Jul 21, 2023",,
8.0,Good movie,dadjackwill,"Oct 8, 2023",,good movi
10.0,Revolutionary,davidimarzio-42375,"Jun 5, 2023",,revolutionari
9.0,Worth your time.,hamiltonreed,"Nov 10, 2023",,worth time
7.0,Spider-Meh???,KevinHartsRedheadedStepSon,"Jun 3, 2023",,spidermeh
10.0,Surprisingly good!,joeljoschkaa,"Jun 12, 2023",,surprisingli good
7.0,Is this movie a 10? Is it a 1?,blast-05868,"Jun 3, 2023",,movi
5.0,"Nice, but too long and unnecessary scenes",fabianechuck,"Jun 10, 2023",,nice long unnecessari scene
10.0,"Ok, nice.",johobbs-98251,"Jun 2, 2023",,ok nice
8.0,Crazy stuff,maryrosepractice,"Oct 21, 2024",,crazi stuff
9.0,Wow just Wow,yannsimongautier,"Jul 3, 2023",,wow wow
10.0,A Dazzling Journey: Spider-Man: Across the Spider-Verse Sets New Standards!,terrencemulauzi,"Dec 20, 2024",,dazzl journey spiderman across spidervers set new standard
9.0,We live in a (Spider) Society.,southdavid,"Jun 10, 2023",,live spider societi
10.0,"""A Visual Masterpiece with an Incredible Ending!""",memesfunguy,"Dec 19, 2024",,visual masterpiec incred end
7.0,Good but lacked in some areas,bebakerus,"Oct 2, 2023",,good lack area
9.0,Spider-Man: Across the Spider-Verse,Bryangtrujillo,"Jul 20, 2023",,spiderman across spidervers
7.0,Seems Rushed Although The Cartoon Is Slick,t-d-t-m82,"Nov 14, 2023",,seem rush although cartoon slick
5.0,Overhyped!,TheReviewerBoyar,"Feb 16, 2024",,overhyp
10.0,Even better than the first movie!,ravisinha1992,"Oct 6, 2023",,even better first movi
10.0,This is at another level,argiesdario,"Jun 13, 2023",,anoth level
10.0,Amazing,nirbhaynimit,"Jun 3, 2023",,amaz
9.0,Endless Fun,sagar-swapna,"Oct 2, 2023",,endless fun
10.0,This movie is amazing. Pure film perfection.,silvius84,"Jun 3, 2023",,movi amaz pure film perfect
10.0,This is an absolute must watch!,mauriciobingham,"Jun 2, 2023",,absolut must watch
7.0,"Beautiful, artistically pleasing, but long and somewhat messy, jittery, scatterbrained",deothor,"Jun 5, 2023",,beauti artist plea long somewhat messi jitteri scatterbrain
9.0,AMAZING AND SPECTACULAR,jordanatkins-44089,"Jun 4, 2023",,amaz spectacular
7.0,"A Fun, Heartfelt, Coming-of-Age Animated Film",robertrutledge,"Jun 17, 2023",,fun heartfelt comingofag anim film
5.0,Definitely Banksy.,Kritoni,"Jun 2, 2023",,definit banksi
10.0,Beautiful,cagridahisi,"Jul 5, 2023",,beauti
10.0,Post Film thoughts,Moe2Moe2,"Jun 4, 2023",,post film thought
10.0,The Spider-Verse of Madness,DarkVulcan29,"Jun 12, 2023",,spidervers mad
10.0,A perfect spiderman movie,ArunavaDas52486,"Jun 17, 2023",,perfect spiderman movi
10.0,Amazing Movie,KoryIsland,"Jul 14, 2023",,amaz movi
10.0,Hands down the greatest superhero movie made,bookofromans116,"Jun 3, 2023",,hand greatest superhero movi made
7.0,A vibrant multiverse adventure,Falko_h1,"Jun 1, 2024",,vibrant multivers adventur
10.0,Great Movie,tattickey,"Dec 20, 2024",,great movi
6.0,Beautiful movie but the story doesn't really end.,adamhughes-38545,"Aug 2, 2023",,beauti movi stori doesnt realli end
3.0,Disappointment panda.,jturknett,"Aug 13, 2023",,disappoint panda
10.0,Animated cinematic brilliance,wannya-88784,"Jun 6, 2023",,anim cinemat brillianc
9.0,One of the Greatest Superhero films out there!,Max_m01,"Jun 12, 2023",,one greatest superhero film
9.0,This may change after Beyond,jakebunker,"Jul 22, 2023",,may chang beyond
9.0,A fantastic movie!!,honeynocaps,"Jul 2, 2023",,fantast movi
10.0,Perfect,adrianotesoro,"Jun 3, 2023",,perfect
10.0,One good landing away from being the greatest superhero trilogy of all time,lucaslw-93145,"Jun 12, 2023",,one good land away greatest superhero trilog time
6.0,Contains spoliers,rexkarma,"Jul 17, 2023",,contain spolier
10.0,One of the best sequels animated ever did,eozballinasl,"Jun 26, 2023",,one best sequel anim ever
7.0,A great movie that is doing a little too much.,miraclel-17376,"Jun 4, 2023",,great movi littl much
5.0,Overhyped and a big step back.,vaderthegamer,"Jun 25, 2023",,overhyp big step back
10.0,Nothing short of Perfection,tylerkingworkem,"Jul 20, 2023",,noth short perfect
9.0,A solid Trilogy Conundrum entry in the Spider-Verse saga.,Benjamin-M-Weilert,"Sep 22, 2023",,solid trilog conundrum entri spidervers saga
10.0,My expectations were high but holy smokes!,antarcticmonke,"Jun 2, 2023",,expect high holi smoke
10.0,The. Best ever,zakattackbal,"Jun 2, 2023",,best ever
10.0,One of the best entertainment products ever,mikko-28698,"Jun 21, 2023",,one best entertain product ever
10.0,GRYC Group 2 Movie Review,kaelemchristopher-47095,"Jul 19, 2023",,gryc group movi review
7.0,Things have changed a LOT since my last Spider-Man viewing!,justahunch-70549,"Jan 21, 2024",,thing chang lot sinc last spiderman view
9.0,Simply Stunning!,anishgb,"Oct 8, 2023",,simpli stun
7.0,Yeah pretty good after a mediocre start,Bonobo13579,"Jul 8, 2023",,yeah pretti good mediocr start
5.0,"Don't believe the hype! No, I am being serious.",felipesixtos,"Jun 2, 2023",,dont believ hype seriou
10.0,The best Spidey movie yet & that's saying something!,Anurag-Shetty,"Jun 13, 2023",,best spidey movi yet that say someth
10.0,The perfect animated movie,JR_Reviews,"Jun 13, 2023",,perfect anim movi
10.0,Visually satisfying.. best spidey action,siddhantjoshi,"Jun 1, 2023",,visual satisfi best spidey action
10.0,Spider-Man: Across The Spider-Verse is a masterpiece of a film that sets the bar incredibly high going into a month full of blockbuster releases.,becklively,"Jun 4, 2023",,spiderman across spidervers masterpiec film set bar incred high go month full blockbust releas
9.0,Full of Joy,vessalalizadeh,"Jun 13, 2023",,full joy
9.0,A terrific sequel to the 2018 film Spiderman Into The Spidey Verse.,lisafordeay,"Jun 3, 2023",,terrif sequel film spiderman spidey vers
7.0,"Really good, could be better though",metehanmesut,"Jul 15, 2023",,realli good could better though
8.0,I Love Chai tea :))),mohammadmahdiasgarinia,"Sep 22, 2023",,love chai tea
7.0,Spider-Man: Across the Spider-Verse,henry8-3,"Jan 5, 2024",,spiderman across spidervers
1.0,Scrambled plot,andrewpetrouap,"Jun 28, 2023",,scrambl plot
8.0,Great animated sequal,LetsReviewThat26,"Jun 22, 2024",,great anim sequal
10.0,fire,majorsam-48357,"Jun 2, 2023",,fire
10.0,THIS IS GOLD!!!!!!!!!,williamwinklerjr-34118,"Jan 25, 2025",,gold
10.0,Mate you better watch this!!!!!!!!!!!!,uddipto,"Jun 27, 2023",,mate better watch
10.0,WEB-SLINGING MASTERPIECE,tashingamangwiro,"Dec 21, 2024",,websling masterpiec
7.0,Imagine watching half of the movie you want to see,Shmaden,"Jul 2, 2023",,imagin watch half movi want see
8.0,Just amazing,jinufrancis1,"Sep 20, 2023",,amaz
4.0,Underwhelming,eriknajarro,"Jun 8, 2023",,underwhelm
9.0,A Visually Stunning Journey with Heart,tonukazi,"Jan 26, 2025",,visual stun journey heart
9.0,Another cinematic landmark,gordonbuchan,"Jun 26, 2023",,anoth cinemat landmark
8.0,A beautiful sequel to one of the best Spider-Man stories ever put on screen,matthewwongsc,"Jun 4, 2023",,beauti sequel one best spiderman stori ever put screen
10.0,Phenomenal Art,lgnrlynlsn,"Jun 2, 2023",,phenomen art
10.0,Spectacularly amazing,danabyabraham,"Jun 1, 2023",,spectacularli amaz
10.0,The best Spider-Man movie I've ever seen.,leonrendulic-80075,"Jul 28, 2024",,best spiderman movi ive ever seen
6.0,Miles Morales returns... kind of.,thedesertkitsune,"Jul 15, 2023",,mile moral return kind
9.0,Move review,vxvhbtyt,"Jan 1, 2025",,move review
8.0,Brilliant watch!,archierobertson-54682,"Aug 13, 2024",,brilliant watch
9.0,A True Spider-man Movie & The Best Multiverse movie yet .,adityasajeev,"Jun 1, 2023",,true spiderman movi best multivers movi yet
10.0,What an animation!,xpvvsrk,"Jul 9, 2024",,anim
10.0,Greatest superhero movie ever made.,zaymartindale,"Jun 2, 2023",,greatest superhero movi ever made
10.0,The start of a new era in animation,marjoleinajschollaert,"Jul 3, 2023",,start new era anim
7.0,Miles is the antagonist.,dayton-w-price,"Aug 8, 2024",,mile antagonist
10.0,The best,scarastars,"Jul 6, 2024",,best
7.0,Simply the best Spider-Man movie ever made,moritzherz,"Jun 10, 2023",,simpli best spiderman movi ever made
4.0,Across the Bloatedverse,alex_with_a_P,"Jan 14, 2024",,across bloatedvers
9.0,Amazing Sequel That Pushes the Limits of Animation,petraktheman,"Feb 11, 2025",,amaz sequel push limit anim
8.0,"Amusing and spectacular, but..",Sampatroclus,"Aug 10, 2023",,amus spectacular
10.0,Great movie,bnczvb,"Jun 14, 2023",,great movi
9.0,Further than before,dekanv,"Jun 2, 2023",,
9.0,"Excellent blend of action, emotion, and entertainment",Giuseppe_Silecchia,"Apr 15, 2024",,excel blend action emot entertain
7.0,"Solid Spiderman flick, but not nearly as great as many would say.",boss-981-447297,"Jun 2, 2024",,solid spiderman flick nearli great mani would say
9.0,The only problem is having to wait for the next part,VReviewsE,"May 12, 2024",,problem wait next part
10.0,Can't wait for beyond the spiderverse,audsgutteridge,"Jun 1, 2023",,cant wait beyond spidervers
9.0,Movie review,saleemsa-51795,"Jan 1, 2025",,movi review
10.0,Amazing,georgeensor-78696,"Jun 14, 2023",,amaz
10.0,Spiderman is SO cool!!!!,weeniebob,"May 13, 2024",,spiderman cool
9.0,damn that was an experience!,laraaislingmcguire,"Jun 5, 2023",,damn experi
7.0,Spectacular spider man movie....?,scottishgeekguy,"Jun 4, 2023",,spectacular spider man movi
9.0,Just go watch it,Jayv04,"Jun 1, 2023",,go watch
7.0,A visual firework with some lacks,DLochner,"Feb 28, 2024",,visual firework lack
3.0,A Total Disaster,yavkaconsult,"Dec 13, 2023",,total disast
9.0,Perfect use of animation! Bit too shonen tho,D1-86395,"Jul 4, 2024",,perfect use anim bit shonen tho
10.0,An Unforgettable Animated Spectacle,alanbijujohn,"Jun 1, 2023",,unforgett anim spectacl
10.0,Who said Supehero movies can't be considered cinema?,amsyare,"Jun 1, 2023",,said supehero movi cant consid cinema
10.0,Peak,bobidimchev,"Jun 26, 2023",,peak
10.0,"""Spider-Man: Across the Spider-Verse"" is a groundbreaking sequel",john-64651,"Feb 12, 2025",,spiderman across spidervers groundbreak sequel
7.0,"Beautiful, but felt like set-up.",cb_whitewood,"Sep 18, 2023",,beauti felt like setup
7.0,Had me in the first half,kristinmariestandley,"Nov 21, 2023",,first half
2.0,"Too tiring,,,",mkaleoglu,"Aug 14, 2023",,tire
10.0,Work of Art.,i_odin,"May 12, 2024",,work art
9.0,"find our identity, embrace our uniqueness, and defy those who seek to define us",robinbagaygay,"Apr 26, 2024",,find ident embrac uniqu defi seek defin u
9.0,Somehow it lived up to expectations,jackjbuckley,"Jun 2, 2023",,somehow live expect
10.0,PhenominSpiderman: Across The Verse - A Spectacular Multiverse Adventureal,bolebharat,"Jul 15, 2024",,phenominspiderman across vers spectacular multivers adventur
10.0,Best Spiderman film in years!,yehonatanresnick,"Apr 4, 2024",,best spiderman film year
10.0,Amazing movie,Moonylixht,"Apr 23, 2024",,amaz movi
3.0,Doesnt hold up to the first movie.,rich-12169,"Sep 25, 2023",,doesnt hold first movi
10.0,The most Amazing Spider-Man movie ever made,gregthomas-389-620584,"Jun 1, 2023",,amaz spiderman movi ever made
8.0,The Dark Side of Miles Morales,tamerawillis,"Jul 15, 2024",,dark side mile moral
8.0,My First Animated Spiderman,mike-gullett,"Jun 12, 2023",,first anim spiderman
10.0,Perfection in and out of itself.,shawnyaddanapudi,"Jun 3, 2023",,perfect
10.0,Dope,VeryNotMe,"Jun 2, 2023",,dope
8.0,Visual spectacle,khanrulz69,"Oct 5, 2023",,visual spectacl
10.0,Gretest Movie of 2023,makonngranston,"May 6, 2024",,gretest movi
9.0,FENTASTIC ANIMATED MOVIE,harshat-95740,"Jul 19, 2024",,fentast anim movi
10.0,One of the best animation movie,dhanshrimilk,"Jul 26, 2024",,one best anim movi
9.0,A worthy sequel,SmoreReviews,"Mar 22, 2024",,worthi sequel
8.0,"Great movie, but...",OnlyAtJMart,"Jun 4, 2023",,great movi
4.0,It's part 1 of a 2-parter,sunflower1343,"Nov 15, 2023",,part parter
10.0,Perfect sequel,Esssay,"Apr 16, 2024",,perfect sequel
8.0,One big web with all itsy bitsy spiders,FilmFrameByFrame,"Jul 30, 2024",,one big web itsi bitsi spider
10.0,I don't know what to say,william-dunscombe,"Jun 24, 2023",,dont know say
10.0,AMAZING!!!!!!,dani_moura,"Jun 1, 2023",,amaz
10.0,MUY BUENAPELICULA SIEMPRE LA VEO,esduinmerino,"Apr 14, 2024",,muy buenapelicula siempr la veo
10.0,Welcome Addition to the Spider-Man Movie Collection,view_and_review,"Aug 14, 2023",,welcom addit spiderman movi collect
2.0,2 1/2 hours of my life I will never regain,dmr58,"Jun 4, 2023",,hour life never regain
10.0,An animation for the ages,sonicheze8,"Jun 4, 2023",,anim age
9.0,Takes this series in a much darker direction without ever relenting on the fantastic animation and important character development,MrDHWong,"Jun 1, 2023",,take seri much darker direct without ever relent fantast anim import charact develop
10.0,Maybe best Animated movie?,alexsovodoupe,"Aug 27, 2023",,mayb best anim movi
9.0,Epitome of animation features period.,SoumikBanerjee1996,"Aug 9, 2023",,epitom anim featur period
10.0,The madness of series is increasing in every minute.,p-88453,"Jun 3, 2023",,mad seri increas everi minut
9.0,B-R-I-L-L-I-A-N-T! Absolutely brilliant! [+92%],arungeorge13,"Aug 13, 2023",,brilliant absolut brilliant
1.0,The story line is meaningless and not connected.,honestreviewer-16813,"Jun 17, 2023",,stori line meaningless connect
10.0,Beautiful,zhnbwgkm,"Jun 3, 2023",,beauti
9.0,GREAT FOLLOW-UP...!,masonfisk,"Jun 28, 2023",,great followup
10.0,One of the greatest animated movies of all time,tewwence,"Nov 12, 2023",,one greatest anim movi time
9.0,One of if not the best Spider-Man Movie movie ever made,TreeHouse_Productions,"Nov 17, 2023",,one best spiderman movi movi ever made
10.0,Art that will future generations will enjoy,Asura_H,"Jun 13, 2023",,art futur gener enjoy
10.0,This may just be the greatest movie EVER,ouellettedavid,"Jun 7, 2023",,may greatest movi ever
3.0,Horrible and incomprehensible,thosspot,"Jul 10, 2023",,horribl incomprehens
10.0,My Spidey Sense tells me this movie is amazing!,greenpixie-55102,"Jun 3, 2023",,spidey sen tell movi amaz
10.0,11/10 movie,dodoalex-97745,"Jul 25, 2023",,movi
10.0,An absolute masterpiece and visually stunning,lundnielsensigrid,"Jan 11, 2024",,absolut masterpiec visual stun
8.0,"Vibrant, explosive and once again revolutionary in its animation style. There isn't ANYTHING else like it, anywhere.",tinjo23,"Jun 1, 2023",,vibrant explos revolutionari anim style isnt anyth el like anywher
9.0,The best soundtrack of a movie ever !,Mohammad_Ramadan,"Oct 15, 2023",,best soundtrack movi ever
9.0,"It's a Spider-Man movie, people will flock to theatres anyway.",himonsonowal,"Jun 3, 2023",,spiderman movi peopl flock theatr anyway
9.0,A kaleidoscope of colour and music from start to finish.,sbweightman,"Jun 3, 2023",,kaleidoscop colour music start finish
3.0,A Giant Let Down,dviroz,"Jun 15, 2023",,giant let
10.0,I'm in AWE,parksiet,"Jun 4, 2023",,im awe
10.0,One Of My Favorite Movies of all time.,Arekkusu0,"Oct 1, 2024",,one favorit movi time
10.0,"If you were expecting the same ol' tired cliches, then I suggest you merely watch a rerun.",Kristi_Hicks,"Aug 8, 2023",,expect ol tire clich suggest mere watch rerun
10.0,This is the greatest superhero movie,jovannathaniel-36175,"Jun 3, 2023",,greatest superhero movi
10.0,An Epic Leap into Cinematic Marvel!,arsalanweb,"Aug 19, 2023",,epic leap cinemat marvel
10.0,Mesmerizing and a stylish superhero film.,cruise01,"Sep 5, 2023",,mesmer stylish superhero film
10.0,The Best Animated Film of 2023,KalKenobi83,"Jun 16, 2023",,best anim film
1.0,Sad excuse of a Spider-man movie,samuele-64371,"Feb 23, 2024",,sad excus spiderman movi
9.0,Craziest Spiderman film I've ever seen...,shaikhirshad-41223,"Jun 2, 2023",,craziest spiderman film ive ever seen
8.0,Brilliant; a testament to the power and freedom of moving images,TheVictoriousV,"Jun 12, 2023",,brilliant testament power freedom move imag
9.0,An absolutely stunning masterpiece,namob-43673,"Jun 2, 2023",,absolut stun masterpiec
10.0,Spider-Man: Across the Spider-Verse - A Web-Slinging Masterpiece of Freshness and Uniqueness,legendary_drax_10,"Jun 2, 2023",,spiderman across spidervers websling masterpiec fresh uniqu
10.0,A Cinematic Triumph in Spider-Man: Across the Spider-Verse,nikhilbogineni,"Dec 1, 2023",,cinemat triumph spiderman across spidervers
10.0,A Perfect Continuation to a Landmark Piece of Animation.,Rainbow_Firefly,"Jun 4, 2023",,perfect continu landmark piec anim
9.0,Proof that superhero stories can be super,cliftonofun,"Jun 3, 2023",,proof superhero stori super
3.0,Did I watch the same thing as everyone else?,fibulator777,"Aug 26, 2023",,watch thing everyon el
10.0,I watched it 3x in 2 days and i wanna watch it more.,pradeepkumarchoice,"Aug 11, 2023",,watch x day wanna watch
9.0,One of the best animated films ever,dakotadickenson-83457,"Jun 12, 2023",,one best anim film ever
8.0,Spider-Man: Across the Spider-Verse,jboothmillard,"Jun 17, 2023",,spiderman across spidervers
9.0,Mind-boggling animation and tight pacing with a poor choice of ending,jackgdemoss,"Jun 4, 2023",,mindboggl anim tight pace poor choic end
8.0,First Was More Groundbreaking,Slarkshark,"Jul 1, 2023",,first groundbreak
10.0,An honest review of this incredible film,aaronborg-94523,"Oct 17, 2023",,honest review incred film
10.0,"Mind-Blowing, Engaging And Suspenseful. Film Surpassed All Expectations",rannynm,"Jun 2, 2023",,mindblow engag suspens film surpass expect
4.0,What a big disappointment!,sowencheung,"Jun 12, 2023",,big disappoint
10.0,BEST SPIDER-MAN MOVE EVER MADE,heyday-03838,"Oct 1, 2023",,best spiderman move ever made
9.0,A Breathtaking Animated Adventure with mutiple Spider-Man.,ITALUKE,"Jun 3, 2023",,breathtak anim adventur mutipl spiderman
9.0,Amazing and Spetacular like no other movie,D4V1D2411,"Jun 9, 2023",,amaz spetacular like movi
10.0,One of the greatest Spider-Man films ever made,jedwardlough,"Oct 20, 2023",,one greatest spiderman film ever made
10.0,IM SPEECHLESS,carterm-43203,"Jun 3, 2023",,im speechless
10.0,"""Nah, imma do my own thing""",srahul-98641,"Jun 10, 2023",,nah imma thing
10.0,One of the best movies I've seen lately,ls_dev,"Jun 3, 2023",,one best movi ive seen late
3.0,Where did spiderpig go?,K0LZ,"Jun 11, 2023",,spiderpig go
10.0,Quite a Simple Title - Greatest Animated Feature Film Ever Made,vertsix,"Jun 19, 2023",,quit simpl titl greatest anim featur film ever made
10.0,"üéá ""Nahhh, Im'a do my own Thing"" üåâüíê",DoNotComeToTheCinemaDepressed,"Jun 3, 2023",,nahhh ima thing
10.0,"The writing for this movie is magnificently intricate. The depth of the characters, their families and their perspectives are so well delivered.",kevin_robbins,"Jun 2, 2023",,write movi magnific intric depth charact famili perspect well deliv
10.0,The Empire Strikes Back of animation and comic book movies,highfiveghost-20867,"Jun 6, 2023",,empir strike back anim comic book movi
10.0,Amazing and stunning,kiselia,"Jun 4, 2023",,amaz stun
9.0,"""Do I have web on my face? What's the deal?""",owen-watts,"Jun 11, 2023",,web face what deal
1.0,Too loud,bravecaveman,"Aug 9, 2023",,loud
10.0,Best cbm ever,sedrikkoyuncu,"Jun 2, 2023",,best cbm ever
10.0,Peak,ljstrett,"Jun 4, 2023",,peak
10.0,Best sequel EVER!!,srenaefuller,"Jun 5, 2023",,best sequel ever
10.0,10/10 Spider Man's Best,vkxcgd,"Jun 7, 2023",,spider man best
10.0,Simply superb! Amazing Spider Man is the correct name for this movie!,salimbibin,"Jun 2, 2023",,simpli superb amaz spider man correct name movi
10.0,A MOVIE WE NEEDED 10/10,yashrajdindekar,"Jun 3, 2023",,movi need
2.0,no.,reesebarlow,"Jun 13, 2023",,
10.0,Spider-Man,gepothegecko,"Jun 7, 2023",,spiderman
10.0,THE BEST MOVE A HAVE SEEN IN YEARS,cotyfanara,"Jun 3, 2023",,best move seen year
10.0,Actually questioned myself,abhinavalladi,"Jun 1, 2023",,actual question
10.0,2099 is looking SPICY!,adambaehr,"Jun 8, 2023",,look spici
9.0,Much better than the first film.,groundzero-273-397110,"Aug 8, 2024",,much better first film
10.0,Simply AMAZING,FortisFelix,"Jun 11, 2023",,simpli amaz
10.0,Perfect,rlichman,"Jun 5, 2023",,perfect
1.0,Only one notch above Battlefield Earth...,waynemanor-39422,"Jun 26, 2023",,one notch battlefield earth
10.0,Best sequel ever,AkshitAshokShetty,"Nov 8, 2023",,best sequel ever
9.0,A dazzling visual carnival.,catooooo,"Jun 8, 2023",,dazzl visual carniv
10.0,"Best Movies Out This Year, And One The Best Spider-Man Movies, Shoot, One Of The Best Marvel Movies Every",donutcommandernd,"Jun 2, 2023",,best movi year one best spiderman movi shoot one best marvel movi everi
10.0,Best animated film ever,ashleighheaton-26131,"Jun 5, 2023",,best anim film ever
10.0,Best Spiderman yet,railoraut,"Nov 7, 2023",,best spiderman yet
10.0,visually stunning but lacks slightly on the emotional ends,duriaswbtu,"Jun 26, 2023",,visual stun lack slightli emot end
9.0,Good,patih88,"Oct 12, 2024",,good
1.0,Bad Pile of Garbage,brainb-47848,"Jul 3, 2023",,bad pile garbag
8.0,Excellence in visuals and storytelling,ACollegeStudent,"Jun 11, 2023",,excel visual storytel
10.0,Massive contender for the top movies,dylharris-86765,"Jun 11, 2023",,massiv contend top movi
10.0,Insane Cool Movie,jpbogan,"Jun 3, 2023",,insan cool movi
10.0,Brilliant story and visual perception,v-43900,"Jun 8, 2023",,brilliant stori visual percept
10.0,Might Be the Best Thing I Ever Watched,ahmed-abou-hussein,"Jun 7, 2023",,might best thing ever watch
9.0,Visual Overload,willster-83146,"Feb 20, 2024",,visual overload
4.0,Awesome drawings not such a good story,sofijalalic,"Jan 14, 2024",,awesom draw good stori
10.0,Epic,jakecseeley,"Jun 7, 2023",,epic
10.0,So good I've already seen it twice,lukehirt,"Jun 8, 2023",,good ive alreadi seen twice
10.0,Speechless.,fishb77n,"Jun 4, 2023",,speechless
8.0,Phenomenal Movie,stebbo-08,"Jun 2, 2023",,phenomen movi
10.0,The fate of the Spider-Verse,MB-reviewer185,"Jun 11, 2023",,fate spidervers
9.0,A best comical movie,rajvignesh-60140,"Oct 28, 2023",,best comic movi
10.0,Was on the edge of my seat the whole time,juliatichanow,"Jun 20, 2023",,edg seat whole time
3.0,Overhyped and disappointing,hw-email,"Sep 6, 2023",,overhyp disappoint
10.0,Should watch,ngoleminhanh,"Jun 3, 2023",,watch
10.0,miles morales,wkkfjtxb,"Jun 4, 2023",,mile moral
10.0,Woa.,lord_key_fu,"Jun 7, 2023",,woa
10.0,I LOVE spiderman,yazmindiaz-74984,"Jun 28, 2023",,love spiderman
10.0,Blows every expectation out of the water,srkloppmann,"Feb 1, 2024",,blow everi expect water
10.0,"Perfect , just perfect",joaomiguelpbarbosa,"Jun 21, 2023",,perfect perfect
1.0,Nothing happened,odlanherman,"Jun 6, 2023",,noth happen
10.0,undeniable best spider-man movie ever,kelmndz,"Jun 6, 2023",,undeni best spiderman movi ever
10.0,Spider-Man across the spider verse,alfiejoe-33601,"Jun 3, 2023",,spiderman across spider vers
10.0,I can already see who will win the Best Animated Movie at the Oscars,Puroo,"Jul 20, 2023",,alreadi see win best anim movi oscar
10.0,A New Standard Has Been Set,jamalzaine,"Jun 6, 2023",,new standard set
9.0,"An artistic masterpiece, but it's a part one of two",Dello_,"Jun 4, 2023",,artist masterpiec part one two
10.0,Amazing piece of work!,paphone7041,"Jun 12, 2023",,amaz piec work
10.0,Masterpiece in Animation,deepaktharu_,"Oct 6, 2023",,masterpiec anim
4.0,Not awesome but it's good.,jim-2384,"Jul 13, 2023",,awesom good
10.0,Action man,raben-81146,"Nov 12, 2023",,action man
10.0,A great Master piece,gustavoivanec,"Jun 4, 2023",,great master piec
10.0,Web of wonders,amritansh-13625,"Jun 8, 2023",,web wonder
8.0,sets the standard,dmansel,"Jun 2, 2023",,set standard
8.0,One More Swing Through the City with Miles & Co.,drqshadow-reviews,"Jul 10, 2023",,one swing citi mile co
10.0,One of the best movies I ever seen,marilopezrb,"Jun 5, 2023",,one best movi ever seen
3.0,overambitious overrated,sinre-96544,"Nov 14, 2023",,overambiti overr
10.0,I can't wait for BTSV,eyadamr-96328,"Sep 5, 2023",,cant wait btsv
9.0,Stunning....,timothy-price-794-581328,"Aug 12, 2023",,stun
10.0,Something for everyone.....literally,sm-99547,"Jul 7, 2023",,someth everyoneliter
10.0,Spiderverse Review,leel-48499,"Jun 5, 2023",,spidervers review
10.0,Unbelievable! An artistic masterpiece.,yuu1,"Jun 3, 2023",,unbeliev artist masterpiec
10.0,I have made an account just to rate this 10/10,polskipyton,"Jun 6, 2023",,made account rate
10.0,10/10,thiyaguthilak,"Jun 3, 2023",,
1.0,Overrated!,reviewsrev-93976,"Dec 8, 2023",,overr
10.0,Masterpiece,fgdd-934-478301,"Jun 11, 2023",,masterpiec
10.0,The surreal spider multiverse of madness,Elvis-Del-Valle,"Jun 29, 2023",,surreal spider multivers mad
10.0,Great,duyngnth,"Jun 3, 2023",,great
10.0,GO SEE IT. JUST GO. WORDS WONT DO IT JUSTICE.,magicstatic-56324,"Jun 6, 2023",,go see go word wont justic
10.0,Materpiece 10/10,iancoronasb,"Jun 5, 2023",,materpiec
8.0,Read after you watch!,johnvader-37435,"Aug 13, 2023",,read watch
10.0,W 10/10 movie,parzivalxxi,"Jun 4, 2023",,w movi
5.0,Confusing for someone who isn't invested into the spiderman story,alitarango-20989,"Jun 19, 2023",,confus someon isnt invest spiderman stori
10.0,The one and only...and the best spider-man!!!,elijahandreas,"Jan 18, 2024",,one onlyand best spiderman
9.0,"Yep, this is a good movie",jackgmurphy,"Jul 15, 2023",,yep good movi
8.0,Best Spider-Man Movie Of All Time,liambarry-30136,"Jun 15, 2023",,best spiderman movi time
10.0,Even better than I could have hoped!,zoeotaku,"Jun 2, 2023",,even better could hope
8.0,Better than Into the Spider-verse,h-i-hussain7,"May 31, 2023",,better spidervers
9.0,Great Spider-Man Movie!,Insert_Text,"Dec 12, 2023",,great spiderman movi
9.0,The best Spider-Man movie without a doubt,Jithindurden,"Jun 1, 2023",,best spiderman movi without doubt
4.0,Beautiful and incomprehensive corporate product which gives up on being itself while preaching to be yourself,i_dont_even,"Jun 3, 2023",,beauti incomprehens corpor product give preach
10.0,A TRIUMPH,darksied-36752,"Oct 20, 2023",,triumph
8.0,"Another stunningly animated, creative Spider-Man adventure",bastille-852-731547,"Jun 7, 2023",,anoth stunningli anim creativ spiderman adventur
10.0,What did I just see?,Majorglenn,"Aug 11, 2023",,see
8.0,"Great movie, part of the best of the year, but not better than Into the Spider-Verse",Movie_Rating_n_Ranking,"Jun 1, 2023",,great movi part best year better spidervers
10.0,best movie 2023,madhylmfao,"Jun 7, 2023",,best movi
10.0,AMAZING!!! SPECTACULAR!!! Referance intendedüòÇ,julliskorr,"Jun 3, 2023",,amaz spectacular refer intend
10.0,Spider man across the spider verse,ebrownky,"Oct 28, 2023",,spider man across spider vers
1.0,Very overrated!,reviewsrev,"Dec 8, 2023",,overr
10.0,Blew away the original by a landslide,Dream_caster,"Sep 30, 2024",,blew away origin landslid
10.0,Best Sequel,jdizzle3205,"Jun 6, 2023",,best sequel
10.0,Speechless,ronak_funky1902,"Jun 7, 2023",,speechless
10.0,Oscar material,constainfederico,"Jun 20, 2023",,oscar materi
10.0,One thing I realized? that among the top 20 qualified films THERE ARE NO ANIMATION FILM and when there is one in the middle they start to hate I honestly don't understand why?,vitorcristiano,"Sep 6, 2023",,one thing realiz among top qualifi film anim film one middl start hate honestli dont understand
10.0,Ridiculously Good,averywebster-60864,"Jun 7, 2023",,ridicul good
10.0,"Amazing movie visually, emotionally, and contextually",noahtsipursky,"Jun 9, 2023",,amaz movi visual emot contextu
10.0,Cinema Personified: Incredible Movie,cinemapersonified,"Jun 12, 2023",,cinema personifi incred movi
10.0,12/10 no notes,lucydalmolin,"Jun 5, 2023",,note
10.0,a must-see,dekuraculer,"Jun 8, 2023",,mustse
9.0,They did it again! So good!,fraser-simons,"Jun 4, 2023",,good
10.0,Quite possibly one of the greatest animated films of all time!,CoolguyMoviefan,"Jun 7, 2023",,quit possibl one greatest anim film time
10.0,Great movie,zulupphate,"Jun 22, 2023",,great movi
10.0,"This Movie hits a new high, truly Groundbreaking, a pure and simple MASTERPIECE!",The_Rider2004,"Jun 10, 2023",,movi hit new high truli groundbreak pure simpl masterpiec
2.0,Spider-Man: Across the Spider-Verse,studioAT,"Aug 24, 2024",,spiderman across spidervers
9.0,Wow just wow,eoinpgeary,"Jun 1, 2023",,wow wow
9.0,I'm speechless-!,dylanwasunfortunatelytaken,"Jun 2, 2023",,im speechless
10.0,One of the best spider movie ever made,bksma,"Jun 5, 2023",,one best spider movi ever made
10.0,Amazing,jamirw-72641,"Jun 4, 2023",,amaz
8.0,Why do i feel like I'm missing something ?,duncannoella,"Dec 29, 2023",,feel like im miss someth
10.0,Cinematic Art,thesellerday,"Jun 9, 2023",,cinemat art
5.0,To be continued...,crazyburn87,"Nov 3, 2024",,continu
